<?xml version="1.0" encoding="UTF-8"?><idempiere Name="KDB_Messages" Version="1.0.0" idempiereVersion="" DataBaseVersion="" Description="" Author="" AuthorEmail="" CreatedDate="2023-08-14 18:06:55.953" UpdatedDate="2023-08-14 18:06:55.953" PackOutVersion="100" UpdateDictionary="false" Client="0-SYSTEM-System" AD_Client_UU="11237b53-9592-4af1-b3c5-afd216514b5d">
    <AD_Message type="table">
        <AD_Client_ID>0</AD_Client_ID>
        <AD_Org_ID>0</AD_Org_ID>
        <MsgType>I</MsgType>
        <MsgText>Move to the Bottom</MsgText>
        <MsgTip/>
        <AD_Org_ID reference="id">0</AD_Org_ID>
        <IsActive>Y</IsActive>
        <Value>KDB_MoveBottom</Value>
        <EntityType>KDB</EntityType>
        <AD_Message_UU>754c4d9d-0390-46e0-85fc-50e5160a53e9</AD_Message_UU>
        <AD_Message_Trl type="translation">
            <MsgText>Move to the Bottom</MsgText>
            <MsgTip/>
            <AD_Language>es_CO</AD_Language>
            <IsActive>Y</IsActive>
            <IsTranslated>N</IsTranslated>
        </AD_Message_Trl>
    </AD_Message>
    <AD_Message type="table">
        <AD_Client_ID>0</AD_Client_ID>
        <AD_Org_ID>0</AD_Org_ID>
        <MsgType>I</MsgType>
        <MsgText>Move Up</MsgText>
        <MsgTip/>
        <AD_Org_ID reference="id">0</AD_Org_ID>
        <IsActive>Y</IsActive>
        <Value>KDB_MoveUp</Value>
        <EntityType>KDB</EntityType>
        <AD_Message_UU>efece74e-b647-414d-82ed-e963847d0dc8</AD_Message_UU>
        <AD_Message_Trl type="translation">
            <MsgText>Move Up</MsgText>
            <MsgTip/>
            <AD_Language>es_CO</AD_Language>
            <IsActive>Y</IsActive>
            <IsTranslated>N</IsTranslated>
        </AD_Message_Trl>
    </AD_Message>
    <AD_Message type="table">
        <AD_Client_ID>0</AD_Client_ID>
        <AD_Org_ID>0</AD_Org_ID>
        <MsgType>I</MsgType>
        <MsgText>Move to the Top</MsgText>
        <MsgTip/>
        <AD_Org_ID reference="id">0</AD_Org_ID>
        <IsActive>Y</IsActive>
        <Value>KDB_MoveTop</Value>
        <EntityType>KDB</EntityType>
        <AD_Message_UU>3119bfad-ec6c-42ef-b291-5a9be30ba759</AD_Message_UU>
        <AD_Message_Trl type="translation">
            <MsgText>Move to the Top</MsgText>
            <MsgTip/>
            <AD_Language>es_CO</AD_Language>
            <IsActive>Y</IsActive>
            <IsTranslated>N</IsTranslated>
        </AD_Message_Trl>
    </AD_Message>
    <AD_Message type="table">
        <AD_Client_ID>0</AD_Client_ID>
        <AD_Org_ID>0</AD_Org_ID>
        <MsgType>I</MsgType>
        <MsgText>Move Down</MsgText>
        <MsgTip/>
        <AD_Org_ID reference="id">0</AD_Org_ID>
        <IsActive>Y</IsActive>
        <Value>KDB_MoveDown</Value>
        <EntityType>KDB</EntityType>
        <AD_Message_UU>d177962c-2fb9-4f70-a226-d81af089ddf6</AD_Message_UU>
        <AD_Message_Trl type="translation">
            <MsgText>Move Down</MsgText>
            <MsgTip/>
            <AD_Language>es_CO</AD_Language>
            <IsActive>Y</IsActive>
            <IsTranslated>N</IsTranslated>
        </AD_Message_Trl>
    </AD_Message>
</idempiere>
