<?xml version="1.0" encoding="UTF-8"?>
<idempiere Name="AD_Package_Exp" Version="1.0.0" idempiereVersion="2.0.0.qualifier" DataBaseVersion="2013-10-31" Description="" Author="SuperUser" AuthorEmail="superuser @ idempiere.com" CreatedDate="Thu Aug 28 19:51:56 COT 2014" UpdatedDate="Thu Aug 28 19:51:56 COT 2014" PackOutVersion="100" UpdateDictionary="true" Client="0-SYSTEM-System" AD_Client_UU="11237b53-9592-4af1-b3c5-afd216514b5d">
    <AD_Package_Exp type="table">
        <AD_Client_ID>0</AD_Client_ID>
        <AD_Org_ID>0</AD_Org_ID>
        <Processing>false</Processing>
        <Version/>
        <Processed>false</Processed>
        <PK_Version>1.0</PK_Version>
        <AD_Package_Type>X</AD_Package_Type>
        <Description/>
        <Name>KDB</Name>
        <UserName/>
        <IsActive>true</IsActive>
        <AD_Package_Exp_UU>a7c135a7-8be4-4e9b-a6da-45892b2b0dfa</AD_Package_Exp_UU>
        <File_Directory/>
        <EMail>diego.ruiz@globalqss.com</EMail>
        <Instructions/>
        <ReleaseNo/>
        <DateFrom/>
        <IsExportDictionaryEntity>true</IsExportDictionaryEntity>
        <AD_Package_Exp_Detail type="table">
            <AD_Client_ID>0</AD_Client_ID>
            <AD_Org_ID>0</AD_Org_ID>
            <SQLStatement/>
            <ReleaseNo/>
            <AD_Window_ID reference="id"/>
            <Target_Directory/>
            <DBType>ALL</DBType>
            <Destination_Directory/>
            <Processed>false</Processed>
            <AD_Workbench_ID reference="id"/>
            <AD_Package_Code_Old/>
            <AD_ImpFormat_ID reference="id"/>
            <AD_ReportView_ID reference="id"/>
            <AD_Message_ID reference="id"/>
            <AD_PrintFormat_ID reference="id"/>
            <AD_Val_Rule_ID reference="id"/>
            <AD_Reference_ID reference="id"/>
            <AD_Package_Code_New/>
            <AD_Package_Exp_ID reference="uuid" reference-key="AD_Package_Exp">a7c135a7-8be4-4e9b-a6da-45892b2b0dfa</AD_Package_Exp_ID>
            <Name2/>
            <Destination_FileName/>
            <FileName/>
            <Description/>
            <AD_Package_Exp_Detail_UU>ee71b5c1-2240-4ba2-abc2-4a9ea82d048a</AD_Package_Exp_Detail_UU>
            <Type>ET</Type>
            <Processing>false</Processing>
            <IsActive>true</IsActive>
            <Line>10</Line>
            <File_Directory/>
            <AD_EntityType_ID reference="uuid" reference-key="AD_EntityType">cfde385f-4592-4ad9-babe-7ae668c36e27</AD_EntityType_ID>
            <AD_Form_ID reference="id"/>
            <AD_Menu_ID reference="id"/>
            <AD_ModelValidator_ID reference="id"/>
            <AD_Process_ID reference="id"/>
            <AD_Role_ID reference="id">0</AD_Role_ID>
            <AD_Table_ID reference="id"/>
            <AD_Workflow_ID reference="id"/>
        </AD_Package_Exp_Detail>
        <AD_Package_Exp_Detail type="table">
            <AD_Client_ID>0</AD_Client_ID>
            <AD_Org_ID>0</AD_Org_ID>
            <SQLStatement/>
            <ReleaseNo/>
            <AD_Window_ID reference="id"/>
            <Target_Directory/>
            <DBType>ALL</DBType>
            <Destination_Directory/>
            <Processed>false</Processed>
            <AD_Workbench_ID reference="id"/>
            <AD_Package_Code_Old/>
            <AD_ImpFormat_ID reference="id"/>
            <AD_ReportView_ID reference="id"/>
            <AD_Message_ID reference="id"/>
            <AD_PrintFormat_ID reference="id"/>
            <AD_Val_Rule_ID reference="id"/>
            <AD_Reference_ID reference="id"/>
            <AD_Package_Code_New/>
            <AD_Package_Exp_ID reference="uuid" reference-key="AD_Package_Exp">a7c135a7-8be4-4e9b-a6da-45892b2b0dfa</AD_Package_Exp_ID>
            <Name2/>
            <Destination_FileName/>
            <FileName/>
            <Description/>
            <AD_Package_Exp_Detail_UU>43b85a7f-f4c7-45b4-ac53-63a85bfd2f45</AD_Package_Exp_Detail_UU>
            <Type>M</Type>
            <Processing>false</Processing>
            <IsActive>true</IsActive>
            <Line>20</Line>
            <File_Directory/>
            <AD_EntityType_ID reference="id"/>
            <AD_Form_ID reference="id"/>
            <AD_Menu_ID reference="uuid" reference-key="AD_Menu">08bbc2e0-d67c-4729-a022-afb8ae112651</AD_Menu_ID>
            <AD_ModelValidator_ID reference="id"/>
            <AD_Process_ID reference="id"/>
            <AD_Role_ID reference="id">0</AD_Role_ID>
            <AD_Table_ID reference="id"/>
            <AD_Workflow_ID reference="id"/>
        </AD_Package_Exp_Detail>
        <AD_Package_Exp_Detail type="table">
            <AD_Client_ID>0</AD_Client_ID>
            <AD_Org_ID>0</AD_Org_ID>
            <SQLStatement/>
            <ReleaseNo/>
            <AD_Window_ID reference="id"/>
            <Target_Directory/>
            <DBType>ALL</DBType>
            <Destination_Directory/>
            <Processed>false</Processed>
            <AD_Workbench_ID reference="id"/>
            <AD_Package_Code_Old/>
            <AD_ImpFormat_ID reference="id"/>
            <AD_ReportView_ID reference="id"/>
            <AD_Message_ID reference="uuid" reference-key="AD_Message">e188517d-2beb-4a19-a3be-1a584ffde010</AD_Message_ID>
            <AD_PrintFormat_ID reference="id"/>
            <AD_Val_Rule_ID reference="id"/>
            <AD_Reference_ID reference="id"/>
            <AD_Package_Code_New/>
            <AD_Package_Exp_ID reference="uuid" reference-key="AD_Package_Exp">a7c135a7-8be4-4e9b-a6da-45892b2b0dfa</AD_Package_Exp_ID>
            <Name2/>
            <Destination_FileName/>
            <FileName/>
            <Description/>
            <AD_Package_Exp_Detail_UU>fcac2a2e-005a-4bc2-a241-62142585fd77</AD_Package_Exp_Detail_UU>
            <Type>MSG</Type>
            <Processing>false</Processing>
            <IsActive>true</IsActive>
            <Line>30</Line>
            <File_Directory/>
            <AD_EntityType_ID reference="id"/>
            <AD_Form_ID reference="id"/>
            <AD_Menu_ID reference="id"/>
            <AD_ModelValidator_ID reference="id"/>
            <AD_Process_ID reference="id"/>
            <AD_Role_ID reference="id">0</AD_Role_ID>
            <AD_Table_ID reference="id"/>
            <AD_Workflow_ID reference="id"/>
        </AD_Package_Exp_Detail>
        <AD_Package_Exp_Detail type="table">
            <AD_Client_ID>0</AD_Client_ID>
            <AD_Org_ID>0</AD_Org_ID>
            <SQLStatement/>
            <ReleaseNo/>
            <AD_Window_ID reference="id"/>
            <Target_Directory/>
            <DBType>ALL</DBType>
            <Destination_Directory/>
            <Processed>false</Processed>
            <AD_Workbench_ID reference="id"/>
            <AD_Package_Code_Old/>
            <AD_ImpFormat_ID reference="id"/>
            <AD_ReportView_ID reference="id"/>
            <AD_Message_ID reference="uuid" reference-key="AD_Message">2d2e4e93-3a6b-4dfd-8c4e-d38e5ae35a42</AD_Message_ID>
            <AD_PrintFormat_ID reference="id"/>
            <AD_Val_Rule_ID reference="id"/>
            <AD_Reference_ID reference="id"/>
            <AD_Package_Code_New/>
            <AD_Package_Exp_ID reference="uuid" reference-key="AD_Package_Exp">a7c135a7-8be4-4e9b-a6da-45892b2b0dfa</AD_Package_Exp_ID>
            <Name2/>
            <Destination_FileName/>
            <FileName/>
            <Description/>
            <AD_Package_Exp_Detail_UU>a8ef8e68-4c23-412c-a9b3-a03d496b2ac1</AD_Package_Exp_Detail_UU>
            <Type>MSG</Type>
            <Processing>false</Processing>
            <IsActive>true</IsActive>
            <Line>40</Line>
            <File_Directory/>
            <AD_EntityType_ID reference="id"/>
            <AD_Form_ID reference="id"/>
            <AD_Menu_ID reference="id"/>
            <AD_ModelValidator_ID reference="id"/>
            <AD_Process_ID reference="id"/>
            <AD_Role_ID reference="id">0</AD_Role_ID>
            <AD_Table_ID reference="id"/>
            <AD_Workflow_ID reference="id"/>
        </AD_Package_Exp_Detail>
        <AD_Package_Exp_Detail type="table">
            <AD_Client_ID>0</AD_Client_ID>
            <AD_Org_ID>0</AD_Org_ID>
            <SQLStatement/>
            <ReleaseNo/>
            <AD_Window_ID reference="id"/>
            <Target_Directory/>
            <DBType>ALL</DBType>
            <Destination_Directory/>
            <Processed>false</Processed>
            <AD_Workbench_ID reference="id"/>
            <AD_Package_Code_Old/>
            <AD_ImpFormat_ID reference="id"/>
            <AD_ReportView_ID reference="id"/>
            <AD_Message_ID reference="uuid" reference-key="AD_Message">4711d00c-de8e-4886-8865-2d9b321089f2</AD_Message_ID>
            <AD_PrintFormat_ID reference="id"/>
            <AD_Val_Rule_ID reference="id"/>
            <AD_Reference_ID reference="id"/>
            <AD_Package_Code_New/>
            <AD_Package_Exp_ID reference="uuid" reference-key="AD_Package_Exp">a7c135a7-8be4-4e9b-a6da-45892b2b0dfa</AD_Package_Exp_ID>
            <Name2/>
            <Destination_FileName/>
            <FileName/>
            <Description/>
            <AD_Package_Exp_Detail_UU>580a3ac7-760a-4bc2-851a-89366d4e833e</AD_Package_Exp_Detail_UU>
            <Type>MSG</Type>
            <Processing>false</Processing>
            <IsActive>true</IsActive>
            <Line>50</Line>
            <File_Directory/>
            <AD_EntityType_ID reference="id"/>
            <AD_Form_ID reference="id"/>
            <AD_Menu_ID reference="id"/>
            <AD_ModelValidator_ID reference="id"/>
            <AD_Process_ID reference="id"/>
            <AD_Role_ID reference="id">0</AD_Role_ID>
            <AD_Table_ID reference="id"/>
            <AD_Workflow_ID reference="id"/>
        </AD_Package_Exp_Detail>
        <AD_Package_Exp_Detail type="table">
            <AD_Client_ID>0</AD_Client_ID>
            <AD_Org_ID>0</AD_Org_ID>
            <SQLStatement/>
            <ReleaseNo/>
            <AD_Window_ID reference="id"/>
            <Target_Directory/>
            <DBType>ALL</DBType>
            <Destination_Directory/>
            <Processed>false</Processed>
            <AD_Workbench_ID reference="id"/>
            <AD_Package_Code_Old/>
            <AD_ImpFormat_ID reference="id"/>
            <AD_ReportView_ID reference="id"/>
            <AD_Message_ID reference="uuid" reference-key="AD_Message">7432a083-006a-4051-a094-76a10455e4e4</AD_Message_ID>
            <AD_PrintFormat_ID reference="id"/>
            <AD_Val_Rule_ID reference="id"/>
            <AD_Reference_ID reference="id"/>
            <AD_Package_Code_New/>
            <AD_Package_Exp_ID reference="uuid" reference-key="AD_Package_Exp">a7c135a7-8be4-4e9b-a6da-45892b2b0dfa</AD_Package_Exp_ID>
            <Name2/>
            <Destination_FileName/>
            <FileName/>
            <Description/>
            <AD_Package_Exp_Detail_UU>c1f584df-ff74-448c-a59e-2ce1cb3aa5f6</AD_Package_Exp_Detail_UU>
            <Type>MSG</Type>
            <Processing>false</Processing>
            <IsActive>true</IsActive>
            <Line>60</Line>
            <File_Directory/>
            <AD_EntityType_ID reference="id"/>
            <AD_Form_ID reference="id"/>
            <AD_Menu_ID reference="id"/>
            <AD_ModelValidator_ID reference="id"/>
            <AD_Process_ID reference="id"/>
            <AD_Role_ID reference="id">0</AD_Role_ID>
            <AD_Table_ID reference="id"/>
            <AD_Workflow_ID reference="id"/>
        </AD_Package_Exp_Detail>
    </AD_Package_Exp>
</idempiere>
