<?xml version="1.0" encoding="UTF-8"?><idempiere Name="2Pack_6.1.1" Version="6.1.1" idempiereVersion="" DataBaseVersion="" Description="Kanban Parameters" Author="" AuthorEmail="" CreatedDate="2019-01-28 00:31:27.458" UpdatedDate="2019-01-28 00:31:27.458" PackOutVersion="100" UpdateDictionary="false" Client="0-SYSTEM-System" AD_Client_UU="11237b53-9592-4af1-b3c5-afd216514b5d">
    <AD_Menu type="table">
        <Parent_ID reference="uuid" reference-key="AD_Menu">08bbc2e0-d67c-4729-a022-afb8ae112651</Parent_ID>
        <SeqNo>1</SeqNo>
        <AD_Client_ID>0</AD_Client_ID>
        <AD_Org_ID>0</AD_Org_ID>
        <Name>Kanban Board Configuration</Name>
        <Description/>
        <Action>W</Action>
        <AD_Window_ID reference="uuid" reference-key="AD_Window">6b5c2c5e-8e47-47d2-b33c-18c16e91be8c</AD_Window_ID>
        <AD_Workflow_ID reference="id"/>
        <AD_Task_ID reference="id"/>
        <IsActive>Y</IsActive>
        <IsSummary>N</IsSummary>
        <AD_Process_ID reference="id"/>
        <IsSOTrx>N</IsSOTrx>
        <AD_Form_ID reference="id"/>
        <IsReadOnly>N</IsReadOnly>
        <EntityType>KDB</EntityType>
        <IsCentrallyMaintained>Y</IsCentrallyMaintained>
        <AD_Menu_UU>4eeb63fd-f517-4d6a-973a-14a55a225f96</AD_Menu_UU>
        <AD_InfoWindow_ID reference="id"/>
        <AD_Menu_Trl type="translation">
            <Name>Configuración de Tablero Kanban</Name>
            <Description/>
            <AD_Language>es_CO</AD_Language>
            <IsActive>Y</IsActive>
            <IsTranslated>Y</IsTranslated>
        </AD_Menu_Trl>
        <AD_Process type="table">
            <AD_Client_ID>0</AD_Client_ID>
            <AD_Org_ID>0</AD_Org_ID>
            <IsActive>Y</IsActive>
            <Name>Create Statuses in Kanban Board</Name>
            <Description/>
            <Help/>
            <ProcedureName/>
            <IsReport>N</IsReport>
            <Value>KDB_CreateStatusProcess</Value>
            <IsDirectPrint>N</IsDirectPrint>
            <AD_ReportView_ID reference="id"/>
            <Classname>org.kanbanboard.process.CreateStatusProcess</Classname>
            <AccessLevel>6</AccessLevel>
            <EntityType>KDB</EntityType>
            <Statistic_Count>87</Statistic_Count>
            <Statistic_Seconds>1745</Statistic_Seconds>
            <AD_PrintFormat_ID reference="id"/>
            <WorkflowValue/>
            <AD_Workflow_ID reference="id"/>
            <IsBetaFunctionality>N</IsBetaFunctionality>
            <IsServerProcess>N</IsServerProcess>
            <ShowHelp>Y</ShowHelp>
            <JasperReport/>
            <AD_Form_ID reference="id"/>
            <CopyFromProcess>N</CopyFromProcess>
            <AD_Process_UU>ff5d472c-0c68-4de4-9733-1b26a84a9410</AD_Process_UU>
            <AD_CtxHelp_ID reference="id"/>
            <ExecutionType/>
            <AllowMultipleExecution/>
            <AD_Process_Trl type="translation">
                <Help/>
                <Description/>
                <Name>Crear Estados en el Tablero Kanban</Name>
                <AD_Language>es_CO</AD_Language>
                <IsActive>Y</IsActive>
                <IsTranslated>N</IsTranslated>
            </AD_Process_Trl>
        </AD_Process>
        <AD_Table type="table">
            <AD_Client_ID>0</AD_Client_ID>
            <AD_Org_ID>0</AD_Org_ID>
            <Name>Kanban Parameter</Name>
            <Description/>
            <Help/>
            <AD_Window_ID reference="uuid" reference-key="AD_Window">6b5c2c5e-8e47-47d2-b33c-18c16e91be8c</AD_Window_ID>
            <AD_Val_Rule_ID reference="id"/>
            <TableName>KDB_Parameter</TableName>
            <LoadSeq>0</LoadSeq>
            <AccessLevel>6</AccessLevel>
            <IsActive>Y</IsActive>
            <IsSecurityEnabled>N</IsSecurityEnabled>
            <IsDeleteable>Y</IsDeleteable>
            <IsHighVolume>N</IsHighVolume>
            <IsView>N</IsView>
            <EntityType>KDB</EntityType>
            <ImportTable>N</ImportTable>
            <IsChangeLog>Y</IsChangeLog>
            <ReplicationType>L</ReplicationType>
            <PO_Window_ID reference="id"/>
            <CopyColumnsFromTable>N</CopyColumnsFromTable>
            <IsCentrallyMaintained>Y</IsCentrallyMaintained>
            <AD_Table_UU>7b96b618-8ce3-4e4f-a4b5-85be33429a35</AD_Table_UU>
            <Processing>N</Processing>
            <DatabaseViewDrop>N</DatabaseViewDrop>
            <CopyComponentsFromView>N</CopyComponentsFromView>
            <AD_Element type="table">
                <AD_Client_ID>0</AD_Client_ID>
                <AD_Org_ID>0</AD_Org_ID>
                <IsActive>Y</IsActive>
                <ColumnName>KDB_Parameter_ID</ColumnName>
                <Name>Kanban Parameter</Name>
                <Description/>
                <Help/>
                <PrintName>Kanban Parameter</PrintName>
                <PO_Description/>
                <PO_Help/>
                <PO_Name/>
                <PO_PrintName/>
                <EntityType>KDB</EntityType>
                <AD_Element_UU>c20985ed-484b-42fb-9872-540e5a9f3b2b</AD_Element_UU>
                <AD_Element_Trl type="translation">
                    <Help/>
                    <PO_Description/>
                    <PO_Help/>
                    <Name>Kanban Parameter</Name>
                    <Description/>
                    <PrintName>Kanban Parameter</PrintName>
                    <PO_Name/>
                    <PO_PrintName/>
                    <AD_Language>es_CO</AD_Language>
                    <IsActive>Y</IsActive>
                    <IsTranslated>N</IsTranslated>
                </AD_Element_Trl>
            </AD_Element>
            <AD_Column type="table">
                <IsSyncDatabase>Y</IsSyncDatabase>
                <AD_Table_ID reference="uuid" reference-key="AD_Table">7b96b618-8ce3-4e4f-a4b5-85be33429a35</AD_Table_ID>
                <AD_Reference_Value_ID reference="id"/>
                <AD_Client_ID>0</AD_Client_ID>
                <AD_Org_ID>0</AD_Org_ID>
                <Version>0</Version>
                <Name>Kanban Parameter</Name>
                <Description/>
                <Help/>
                <AD_Val_Rule_ID reference="id"/>
                <ColumnName>KDB_Parameter_ID</ColumnName>
                <DefaultValue/>
                <FieldLength>22</FieldLength>
                <IsKey>Y</IsKey>
                <IsParent>N</IsParent>
                <IsMandatory>Y</IsMandatory>
                <IsTranslated>N</IsTranslated>
                <IsIdentifier>N</IsIdentifier>
                <SeqNo/>
                <IsEncrypted>N</IsEncrypted>
                <AD_Reference_ID reference="id">13</AD_Reference_ID>
                <IsActive>Y</IsActive>
                <VFormat/>
                <Callout/>
                <AD_Element_ID reference="uuid" reference-key="AD_Element">c20985ed-484b-42fb-9872-540e5a9f3b2b</AD_Element_ID>
                <IsUpdateable>N</IsUpdateable>
                <AD_Process_ID reference="id"/>
                <ValueMin/>
                <ValueMax/>
                <IsSelectionColumn>N</IsSelectionColumn>
                <ReadOnlyLogic/>
                <EntityType>KDB</EntityType>
                <IsAlwaysUpdateable>N</IsAlwaysUpdateable>
                <ColumnSQL/>
                <MandatoryLogic/>
                <IsAutocomplete>N</IsAutocomplete>
                <IsAllowLogging>Y</IsAllowLogging>
                <FormatPattern/>
                <AD_Chart_ID reference="id"/>
                <AD_Column_UU>4205c9b5-7c86-4cbf-a7b2-3c8a96e75d29</AD_Column_UU>
                <IsAllowCopy>N</IsAllowCopy>
                <SeqNoSelection/>
                <IsToolbarButton>N</IsToolbarButton>
                <IsSecure>N</IsSecure>
                <FKConstraintName/>
                <FKConstraintType>N</FKConstraintType>
                <PA_DashboardContent_ID reference="id"/>
                <BXS_IsTSIndex>N</BXS_IsTSIndex>
            </AD_Column>
            <AD_Column type="table">
                <IsSyncDatabase>Y</IsSyncDatabase>
                <AD_Table_ID reference="uuid" reference-key="AD_Table">7b96b618-8ce3-4e4f-a4b5-85be33429a35</AD_Table_ID>
                <AD_Reference_Value_ID reference="id"/>
                <AD_Client_ID>0</AD_Client_ID>
                <AD_Org_ID>0</AD_Org_ID>
                <Version>0</Version>
                <Name>Client</Name>
                <Description>Client/Tenant for this installation.</Description>
                <Help>A Client is a company or a legal entity. You cannot share data between Clients. Tenant is a synonym for Client.</Help>
                <AD_Val_Rule_ID reference="id">129</AD_Val_Rule_ID>
                <ColumnName>AD_Client_ID</ColumnName>
                <DefaultValue>@AD_Client_ID@</DefaultValue>
                <FieldLength>22</FieldLength>
                <IsKey>N</IsKey>
                <IsParent>N</IsParent>
                <IsMandatory>Y</IsMandatory>
                <IsTranslated>N</IsTranslated>
                <IsIdentifier>N</IsIdentifier>
                <SeqNo/>
                <IsEncrypted>N</IsEncrypted>
                <AD_Reference_ID reference="id">19</AD_Reference_ID>
                <IsActive>Y</IsActive>
                <VFormat/>
                <Callout/>
                <AD_Element_ID reference="id">102</AD_Element_ID>
                <IsUpdateable>N</IsUpdateable>
                <AD_Process_ID reference="id"/>
                <ValueMin/>
                <ValueMax/>
                <IsSelectionColumn>N</IsSelectionColumn>
                <ReadOnlyLogic/>
                <EntityType>KDB</EntityType>
                <IsAlwaysUpdateable>N</IsAlwaysUpdateable>
                <ColumnSQL/>
                <MandatoryLogic/>
                <IsAutocomplete>N</IsAutocomplete>
                <IsAllowLogging>Y</IsAllowLogging>
                <FormatPattern/>
                <AD_Chart_ID reference="id"/>
                <AD_Column_UU>bd5adc2b-443d-4d65-ac99-32e7de054b9e</AD_Column_UU>
                <IsAllowCopy>N</IsAllowCopy>
                <SeqNoSelection/>
                <IsToolbarButton>N</IsToolbarButton>
                <IsSecure>N</IsSecure>
                <FKConstraintName/>
                <FKConstraintType>D</FKConstraintType>
                <PA_DashboardContent_ID reference="id"/>
                <BXS_IsTSIndex>N</BXS_IsTSIndex>
            </AD_Column>
            <AD_Column type="table">
                <IsSyncDatabase>Y</IsSyncDatabase>
                <AD_Table_ID reference="uuid" reference-key="AD_Table">7b96b618-8ce3-4e4f-a4b5-85be33429a35</AD_Table_ID>
                <AD_Reference_Value_ID reference="id"/>
                <AD_Client_ID>0</AD_Client_ID>
                <AD_Org_ID>0</AD_Org_ID>
                <Version>0</Version>
                <Name>Organization</Name>
                <Description>Organizational entity within client</Description>
                <Help>An organization is a unit of your client or legal entity - examples are store, department. You can share data between organizations.</Help>
                <AD_Val_Rule_ID reference="id">104</AD_Val_Rule_ID>
                <ColumnName>AD_Org_ID</ColumnName>
                <DefaultValue>@AD_Org_ID@</DefaultValue>
                <FieldLength>22</FieldLength>
                <IsKey>N</IsKey>
                <IsParent>N</IsParent>
                <IsMandatory>Y</IsMandatory>
                <IsTranslated>N</IsTranslated>
                <IsIdentifier>N</IsIdentifier>
                <SeqNo/>
                <IsEncrypted>N</IsEncrypted>
                <AD_Reference_ID reference="id">19</AD_Reference_ID>
                <IsActive>Y</IsActive>
                <VFormat/>
                <Callout/>
                <AD_Element_ID reference="id">113</AD_Element_ID>
                <IsUpdateable>N</IsUpdateable>
                <AD_Process_ID reference="id"/>
                <ValueMin/>
                <ValueMax/>
                <IsSelectionColumn>N</IsSelectionColumn>
                <ReadOnlyLogic/>
                <EntityType>KDB</EntityType>
                <IsAlwaysUpdateable>N</IsAlwaysUpdateable>
                <ColumnSQL/>
                <MandatoryLogic/>
                <IsAutocomplete>N</IsAutocomplete>
                <IsAllowLogging>Y</IsAllowLogging>
                <FormatPattern/>
                <AD_Chart_ID reference="id"/>
                <AD_Column_UU>696f43f6-5a04-4e46-b799-2a6717bfbbfe</AD_Column_UU>
                <IsAllowCopy>N</IsAllowCopy>
                <SeqNoSelection/>
                <IsToolbarButton>N</IsToolbarButton>
                <IsSecure>N</IsSecure>
                <FKConstraintName/>
                <FKConstraintType>D</FKConstraintType>
                <PA_DashboardContent_ID reference="id"/>
                <BXS_IsTSIndex>N</BXS_IsTSIndex>
            </AD_Column>
            <AD_Column type="table">
                <IsSyncDatabase>Y</IsSyncDatabase>
                <AD_Table_ID reference="uuid" reference-key="AD_Table">7b96b618-8ce3-4e4f-a4b5-85be33429a35</AD_Table_ID>
                <AD_Reference_Value_ID reference="id"/>
                <AD_Client_ID>0</AD_Client_ID>
                <AD_Org_ID>0</AD_Org_ID>
                <Version>0</Version>
                <Name>Kanban Board</Name>
                <Description/>
                <Help/>
                <AD_Val_Rule_ID reference="id"/>
                <ColumnName>KDB_KanbanBoard_ID</ColumnName>
                <DefaultValue/>
                <FieldLength>22</FieldLength>
                <IsKey>N</IsKey>
                <IsParent>Y</IsParent>
                <IsMandatory>Y</IsMandatory>
                <IsTranslated>N</IsTranslated>
                <IsIdentifier>N</IsIdentifier>
                <SeqNo/>
                <IsEncrypted>N</IsEncrypted>
                <AD_Reference_ID reference="id">19</AD_Reference_ID>
                <IsActive>Y</IsActive>
                <VFormat/>
                <Callout/>
                <AD_Element_ID reference="uuid" reference-key="AD_Element">6c896ad7-61dc-4102-b9fa-c92f956c54ad</AD_Element_ID>
                <IsUpdateable>N</IsUpdateable>
                <AD_Process_ID reference="id"/>
                <ValueMin/>
                <ValueMax/>
                <IsSelectionColumn>N</IsSelectionColumn>
                <ReadOnlyLogic/>
                <EntityType>KDB</EntityType>
                <IsAlwaysUpdateable>N</IsAlwaysUpdateable>
                <ColumnSQL/>
                <MandatoryLogic/>
                <IsAutocomplete>N</IsAutocomplete>
                <IsAllowLogging>Y</IsAllowLogging>
                <FormatPattern/>
                <AD_Chart_ID reference="id"/>
                <AD_Column_UU>594aae6e-3b03-4c3d-adb6-0ebdf5237ea5</AD_Column_UU>
                <IsAllowCopy>Y</IsAllowCopy>
                <SeqNoSelection/>
                <IsToolbarButton>N</IsToolbarButton>
                <IsSecure>N</IsSecure>
                <FKConstraintName>KDBKanbanBoard_KDBParameter</FKConstraintName>
                <FKConstraintType>N</FKConstraintType>
                <PA_DashboardContent_ID reference="id"/>
                <BXS_IsTSIndex>N</BXS_IsTSIndex>
            </AD_Column>
            <AD_Element type="table">
                <AD_Client_ID>0</AD_Client_ID>
                <AD_Org_ID>0</AD_Org_ID>
                <IsActive>Y</IsActive>
                <ColumnName>KDB_Parameter_UU</ColumnName>
                <Name>KDB_Parameter_UU</Name>
                <Description/>
                <Help/>
                <PrintName>KDB_Parameter_UU</PrintName>
                <PO_Description/>
                <PO_Help/>
                <PO_Name/>
                <PO_PrintName/>
                <EntityType>KDB</EntityType>
                <AD_Element_UU>384dfb38-9011-4010-90b9-2c6bbe56db51</AD_Element_UU>
                <AD_Element_Trl type="translation">
                    <Help/>
                    <PO_Description/>
                    <PO_Help/>
                    <Name>KDB_Parameter_UU</Name>
                    <Description/>
                    <PrintName>KDB_Parameter_UU</PrintName>
                    <PO_Name/>
                    <PO_PrintName/>
                    <AD_Language>es_CO</AD_Language>
                    <IsActive>Y</IsActive>
                    <IsTranslated>N</IsTranslated>
                </AD_Element_Trl>
            </AD_Element>
            <AD_Column type="table">
                <IsSyncDatabase>Y</IsSyncDatabase>
                <AD_Table_ID reference="uuid" reference-key="AD_Table">7b96b618-8ce3-4e4f-a4b5-85be33429a35</AD_Table_ID>
                <AD_Reference_Value_ID reference="id"/>
                <AD_Client_ID>0</AD_Client_ID>
                <AD_Org_ID>0</AD_Org_ID>
                <Version>1.00</Version>
                <Name>KDB_Parameter_UU</Name>
                <Description/>
                <Help/>
                <AD_Val_Rule_ID reference="id"/>
                <ColumnName>KDB_Parameter_UU</ColumnName>
                <DefaultValue/>
                <FieldLength>36</FieldLength>
                <IsKey>N</IsKey>
                <IsParent>N</IsParent>
                <IsMandatory>N</IsMandatory>
                <IsTranslated>N</IsTranslated>
                <IsIdentifier>N</IsIdentifier>
                <SeqNo/>
                <IsEncrypted>N</IsEncrypted>
                <AD_Reference_ID reference="id">10</AD_Reference_ID>
                <IsActive>Y</IsActive>
                <VFormat/>
                <Callout/>
                <AD_Element_ID reference="uuid" reference-key="AD_Element">384dfb38-9011-4010-90b9-2c6bbe56db51</AD_Element_ID>
                <IsUpdateable>Y</IsUpdateable>
                <AD_Process_ID reference="id"/>
                <ValueMin/>
                <ValueMax/>
                <IsSelectionColumn>N</IsSelectionColumn>
                <ReadOnlyLogic/>
                <EntityType>KDB</EntityType>
                <IsAlwaysUpdateable>N</IsAlwaysUpdateable>
                <ColumnSQL/>
                <MandatoryLogic/>
                <IsAutocomplete>N</IsAutocomplete>
                <IsAllowLogging>Y</IsAllowLogging>
                <FormatPattern/>
                <AD_Chart_ID reference="id"/>
                <AD_Column_UU>7f2a2bc6-2750-41d3-9ea6-f44e799c49f8</AD_Column_UU>
                <IsAllowCopy>N</IsAllowCopy>
                <SeqNoSelection/>
                <IsToolbarButton>N</IsToolbarButton>
                <IsSecure>N</IsSecure>
                <FKConstraintName/>
                <FKConstraintType>N</FKConstraintType>
                <PA_DashboardContent_ID reference="id"/>
                <BXS_IsTSIndex>N</BXS_IsTSIndex>
            </AD_Column>
            <AD_Val_Rule type="table">
                <AD_Client_ID>0</AD_Client_ID>
                <AD_Org_ID>0</AD_Org_ID>
                <Name>AD_Column in AD_Table from Kanban Board</Name>
                <Description/>
                <Type>S</Type>
                <Code>AD_Column.AD_Table_ID=@AD_Table_ID@</Code>
                <IsActive>Y</IsActive>
                <EntityType>KDB</EntityType>
                <AD_Val_Rule_UU>98cf6e90-6c89-4b8a-92b2-30418561374b</AD_Val_Rule_UU>
            </AD_Val_Rule>
            <AD_Column type="table">
                <IsSyncDatabase>Y</IsSyncDatabase>
                <AD_Table_ID reference="uuid" reference-key="AD_Table">7b96b618-8ce3-4e4f-a4b5-85be33429a35</AD_Table_ID>
                <AD_Reference_Value_ID reference="id">251</AD_Reference_Value_ID>
                <AD_Client_ID>0</AD_Client_ID>
                <AD_Org_ID>0</AD_Org_ID>
                <Version>0</Version>
                <Name>Column Table</Name>
                <Description/>
                <Help/>
                <AD_Val_Rule_ID reference="uuid" reference-key="AD_Val_Rule">98cf6e90-6c89-4b8a-92b2-30418561374b</AD_Val_Rule_ID>
                <ColumnName>KDB_ColumnTable_ID</ColumnName>
                <DefaultValue/>
                <FieldLength>22</FieldLength>
                <IsKey>N</IsKey>
                <IsParent>N</IsParent>
                <IsMandatory>Y</IsMandatory>
                <IsTranslated>N</IsTranslated>
                <IsIdentifier>N</IsIdentifier>
                <SeqNo/>
                <IsEncrypted>N</IsEncrypted>
                <AD_Reference_ID reference="id">18</AD_Reference_ID>
                <IsActive>Y</IsActive>
                <VFormat/>
                <Callout/>
                <AD_Element_ID reference="uuid" reference-key="AD_Element">8b8ef45e-ae5c-4467-bcca-ad48646bf8c6</AD_Element_ID>
                <IsUpdateable>Y</IsUpdateable>
                <AD_Process_ID reference="id"/>
                <ValueMin/>
                <ValueMax/>
                <IsSelectionColumn>N</IsSelectionColumn>
                <ReadOnlyLogic/>
                <EntityType>KDB</EntityType>
                <IsAlwaysUpdateable>N</IsAlwaysUpdateable>
                <ColumnSQL/>
                <MandatoryLogic/>
                <IsAutocomplete>N</IsAutocomplete>
                <IsAllowLogging>Y</IsAllowLogging>
                <FormatPattern/>
                <AD_Chart_ID reference="id"/>
                <AD_Column_UU>ad9f65ce-160d-40b7-8169-346d0047acec</AD_Column_UU>
                <IsAllowCopy>Y</IsAllowCopy>
                <SeqNoSelection/>
                <IsToolbarButton>N</IsToolbarButton>
                <IsSecure>N</IsSecure>
                <FKConstraintName>KDBColumnTable_KDBParameter</FKConstraintName>
                <FKConstraintType>N</FKConstraintType>
                <PA_DashboardContent_ID reference="id"/>
                <BXS_IsTSIndex>N</BXS_IsTSIndex>
            </AD_Column>
            <AD_Column type="table">
                <IsSyncDatabase>Y</IsSyncDatabase>
                <AD_Table_ID reference="uuid" reference-key="AD_Table">7b96b618-8ce3-4e4f-a4b5-85be33429a35</AD_Table_ID>
                <AD_Reference_Value_ID reference="id"/>
                <AD_Client_ID>0</AD_Client_ID>
                <AD_Org_ID>0</AD_Org_ID>
                <Version>0</Version>
                <Name>Created</Name>
                <Description>Date this record was created</Description>
                <Help>The Created field indicates the date that this record was created.</Help>
                <AD_Val_Rule_ID reference="id"/>
                <ColumnName>Created</ColumnName>
                <DefaultValue>SYSDATE</DefaultValue>
                <FieldLength>7</FieldLength>
                <IsKey>N</IsKey>
                <IsParent>N</IsParent>
                <IsMandatory>Y</IsMandatory>
                <IsTranslated>N</IsTranslated>
                <IsIdentifier>N</IsIdentifier>
                <SeqNo/>
                <IsEncrypted>N</IsEncrypted>
                <AD_Reference_ID reference="id">16</AD_Reference_ID>
                <IsActive>Y</IsActive>
                <VFormat/>
                <Callout/>
                <AD_Element_ID reference="id">245</AD_Element_ID>
                <IsUpdateable>N</IsUpdateable>
                <AD_Process_ID reference="id"/>
                <ValueMin/>
                <ValueMax/>
                <IsSelectionColumn>N</IsSelectionColumn>
                <ReadOnlyLogic/>
                <EntityType>KDB</EntityType>
                <IsAlwaysUpdateable>N</IsAlwaysUpdateable>
                <ColumnSQL/>
                <MandatoryLogic/>
                <IsAutocomplete>N</IsAutocomplete>
                <IsAllowLogging>Y</IsAllowLogging>
                <FormatPattern/>
                <AD_Chart_ID reference="id"/>
                <AD_Column_UU>d9ad476c-81cd-47f8-a4ed-fad1c4f5ebdd</AD_Column_UU>
                <IsAllowCopy>N</IsAllowCopy>
                <SeqNoSelection/>
                <IsToolbarButton>N</IsToolbarButton>
                <IsSecure>N</IsSecure>
                <FKConstraintName/>
                <FKConstraintType>N</FKConstraintType>
                <PA_DashboardContent_ID reference="id"/>
                <BXS_IsTSIndex>N</BXS_IsTSIndex>
            </AD_Column>
            <AD_Column type="table">
                <IsSyncDatabase>Y</IsSyncDatabase>
                <AD_Table_ID reference="uuid" reference-key="AD_Table">7b96b618-8ce3-4e4f-a4b5-85be33429a35</AD_Table_ID>
                <AD_Reference_Value_ID reference="id">110</AD_Reference_Value_ID>
                <AD_Client_ID>0</AD_Client_ID>
                <AD_Org_ID>0</AD_Org_ID>
                <Version>0</Version>
                <Name>Created By</Name>
                <Description>User who created this records</Description>
                <Help>The Created By field indicates the user who created this record.</Help>
                <AD_Val_Rule_ID reference="id"/>
                <ColumnName>CreatedBy</ColumnName>
                <DefaultValue/>
                <FieldLength>22</FieldLength>
                <IsKey>N</IsKey>
                <IsParent>N</IsParent>
                <IsMandatory>Y</IsMandatory>
                <IsTranslated>N</IsTranslated>
                <IsIdentifier>N</IsIdentifier>
                <SeqNo/>
                <IsEncrypted>N</IsEncrypted>
                <AD_Reference_ID reference="id">18</AD_Reference_ID>
                <IsActive>Y</IsActive>
                <VFormat/>
                <Callout/>
                <AD_Element_ID reference="id">246</AD_Element_ID>
                <IsUpdateable>N</IsUpdateable>
                <AD_Process_ID reference="id"/>
                <ValueMin/>
                <ValueMax/>
                <IsSelectionColumn>N</IsSelectionColumn>
                <ReadOnlyLogic/>
                <EntityType>KDB</EntityType>
                <IsAlwaysUpdateable>N</IsAlwaysUpdateable>
                <ColumnSQL/>
                <MandatoryLogic/>
                <IsAutocomplete>N</IsAutocomplete>
                <IsAllowLogging>Y</IsAllowLogging>
                <FormatPattern/>
                <AD_Chart_ID reference="id"/>
                <AD_Column_UU>85a699a4-c32b-4ee3-b2a5-1e0dc7adc25d</AD_Column_UU>
                <IsAllowCopy>N</IsAllowCopy>
                <SeqNoSelection/>
                <IsToolbarButton>N</IsToolbarButton>
                <IsSecure>N</IsSecure>
                <FKConstraintName/>
                <FKConstraintType>D</FKConstraintType>
                <PA_DashboardContent_ID reference="id"/>
                <BXS_IsTSIndex>N</BXS_IsTSIndex>
            </AD_Column>
            <AD_Column type="table">
                <IsSyncDatabase>Y</IsSyncDatabase>
                <AD_Table_ID reference="uuid" reference-key="AD_Table">7b96b618-8ce3-4e4f-a4b5-85be33429a35</AD_Table_ID>
                <AD_Reference_Value_ID reference="id"/>
                <AD_Client_ID>0</AD_Client_ID>
                <AD_Org_ID>0</AD_Org_ID>
                <Version>1</Version>
                <Name>Default Logic</Name>
                <Description>Default value hierarchy, separated by ;</Description>
                <Help>The defaults are evaluated in the order of definition, the first not null value becomes the default value of the column. The values are separated by comma or semicolon. a) Literals:. 'Text' or 123 b) Variables - in format @Variable@ - Login e.g. #Date, #AD_Org_ID, #AD_Client_ID - Accounting Schema: e.g. $C_AcctSchema_ID, $C_Calendar_ID - Global defaults: e.g. DateFormat - Window values (all Picks, CheckBoxes, RadioButtons, and DateDoc/DateAcct) c) SQL code with the tag: @SQL=SELECT something AS DefaultValue FROM ... The SQL statement can contain variables.  There can be no other value other than the SQL statement. The default is only evaluated, if no user preference is defined.  Default definitions are ignored for record columns as Key, Parent, Client as well as Buttons.</Help>
                <AD_Val_Rule_ID reference="id"/>
                <ColumnName>DefaultValue</ColumnName>
                <DefaultValue/>
                <FieldLength>2000</FieldLength>
                <IsKey>N</IsKey>
                <IsParent>N</IsParent>
                <IsMandatory>N</IsMandatory>
                <IsTranslated>N</IsTranslated>
                <IsIdentifier>N</IsIdentifier>
                <SeqNo/>
                <IsEncrypted>N</IsEncrypted>
                <AD_Reference_ID reference="id">10</AD_Reference_ID>
                <IsActive>Y</IsActive>
                <VFormat/>
                <Callout/>
                <AD_Element_ID reference="id">272</AD_Element_ID>
                <IsUpdateable>Y</IsUpdateable>
                <AD_Process_ID reference="id"/>
                <ValueMin/>
                <ValueMax/>
                <IsSelectionColumn>N</IsSelectionColumn>
                <ReadOnlyLogic/>
                <EntityType>KDB</EntityType>
                <IsAlwaysUpdateable>N</IsAlwaysUpdateable>
                <ColumnSQL/>
                <MandatoryLogic/>
                <IsAutocomplete>N</IsAutocomplete>
                <IsAllowLogging>Y</IsAllowLogging>
                <FormatPattern/>
                <AD_Chart_ID reference="id"/>
                <AD_Column_UU>83353be3-0401-420c-a26f-78bbfed90d1a</AD_Column_UU>
                <IsAllowCopy>Y</IsAllowCopy>
                <SeqNoSelection/>
                <IsToolbarButton>N</IsToolbarButton>
                <IsSecure>N</IsSecure>
                <FKConstraintName/>
                <FKConstraintType>N</FKConstraintType>
                <PA_DashboardContent_ID reference="id"/>
                <BXS_IsTSIndex>N</BXS_IsTSIndex>
            </AD_Column>
            <AD_Column type="table">
                <IsSyncDatabase>Y</IsSyncDatabase>
                <AD_Table_ID reference="uuid" reference-key="AD_Table">7b96b618-8ce3-4e4f-a4b5-85be33429a35</AD_Table_ID>
                <AD_Reference_Value_ID reference="id"/>
                <AD_Client_ID>0</AD_Client_ID>
                <AD_Org_ID>0</AD_Org_ID>
                <Version>1</Version>
                <Name>Default Logic 2</Name>
                <Description>Default value hierarchy, separated by ;</Description>
                <Help>The defaults are evaluated in the order of definition, the first not null value becomes the default value of the column. The values are separated by comma or semicolon. a) Literals:. 'Text' or 123 b) Variables - in format @Variable@ - Login e.g. #Date, #AD_Org_ID, #AD_Client_ID - Accounting Schema: e.g. $C_AcctSchema_ID, $C_Calendar_ID - Global defaults: e.g. DateFormat - Window values (all Picks, CheckBoxes, RadioButtons, and DateDoc/DateAcct) c) SQL code with the tag: @SQL=SELECT something AS DefaultValue FROM ... The SQL statement can contain variables.  There can be no other value other than the SQL statement. The default is only evaluated, if no user preference is defined.  Default definitions are ignored for record columns as Key, Parent, Client as well as Buttons.</Help>
                <AD_Val_Rule_ID reference="id"/>
                <ColumnName>DefaultValue2</ColumnName>
                <DefaultValue/>
                <FieldLength>2000</FieldLength>
                <IsKey>N</IsKey>
                <IsParent>N</IsParent>
                <IsMandatory>N</IsMandatory>
                <IsTranslated>N</IsTranslated>
                <IsIdentifier>N</IsIdentifier>
                <SeqNo>0</SeqNo>
                <IsEncrypted>N</IsEncrypted>
                <AD_Reference_ID reference="id">10</AD_Reference_ID>
                <IsActive>Y</IsActive>
                <VFormat/>
                <Callout/>
                <AD_Element_ID reference="id">1529</AD_Element_ID>
                <IsUpdateable>Y</IsUpdateable>
                <AD_Process_ID reference="id"/>
                <ValueMin/>
                <ValueMax/>
                <IsSelectionColumn>N</IsSelectionColumn>
                <ReadOnlyLogic/>
                <EntityType>KDB</EntityType>
                <IsAlwaysUpdateable>N</IsAlwaysUpdateable>
                <ColumnSQL/>
                <MandatoryLogic/>
                <IsAutocomplete>N</IsAutocomplete>
                <IsAllowLogging>Y</IsAllowLogging>
                <FormatPattern/>
                <AD_Chart_ID reference="id"/>
                <AD_Column_UU>8f94f3d4-147a-4fd1-b203-a2cdfd39441e</AD_Column_UU>
                <IsAllowCopy>Y</IsAllowCopy>
                <SeqNoSelection/>
                <IsToolbarButton>N</IsToolbarButton>
                <IsSecure>N</IsSecure>
                <FKConstraintName/>
                <FKConstraintType>N</FKConstraintType>
                <PA_DashboardContent_ID reference="id"/>
                <BXS_IsTSIndex>N</BXS_IsTSIndex>
            </AD_Column>
            <AD_Column type="table">
                <IsSyncDatabase>Y</IsSyncDatabase>
                <AD_Table_ID reference="uuid" reference-key="AD_Table">7b96b618-8ce3-4e4f-a4b5-85be33429a35</AD_Table_ID>
                <AD_Reference_Value_ID reference="id"/>
                <AD_Client_ID>0</AD_Client_ID>
                <AD_Org_ID>0</AD_Org_ID>
                <Version>0</Version>
                <Name>Description</Name>
                <Description>Optional short description of the record</Description>
                <Help>A description is limited to 255 characters.</Help>
                <AD_Val_Rule_ID reference="id"/>
                <ColumnName>Description</ColumnName>
                <DefaultValue/>
                <FieldLength>255</FieldLength>
                <IsKey>N</IsKey>
                <IsParent>N</IsParent>
                <IsMandatory>N</IsMandatory>
                <IsTranslated>N</IsTranslated>
                <IsIdentifier>N</IsIdentifier>
                <SeqNo/>
                <IsEncrypted>N</IsEncrypted>
                <AD_Reference_ID reference="id">10</AD_Reference_ID>
                <IsActive>Y</IsActive>
                <VFormat/>
                <Callout/>
                <AD_Element_ID reference="id">275</AD_Element_ID>
                <IsUpdateable>Y</IsUpdateable>
                <AD_Process_ID reference="id"/>
                <ValueMin/>
                <ValueMax/>
                <IsSelectionColumn>Y</IsSelectionColumn>
                <ReadOnlyLogic/>
                <EntityType>KDB</EntityType>
                <IsAlwaysUpdateable>N</IsAlwaysUpdateable>
                <ColumnSQL/>
                <MandatoryLogic/>
                <IsAutocomplete>N</IsAutocomplete>
                <IsAllowLogging>Y</IsAllowLogging>
                <FormatPattern/>
                <AD_Chart_ID reference="id"/>
                <AD_Column_UU>33d1a841-0767-4474-8d32-9d7feab20bad</AD_Column_UU>
                <IsAllowCopy>Y</IsAllowCopy>
                <SeqNoSelection/>
                <IsToolbarButton>N</IsToolbarButton>
                <IsSecure>N</IsSecure>
                <FKConstraintName/>
                <FKConstraintType>N</FKConstraintType>
                <PA_DashboardContent_ID reference="id"/>
                <BXS_IsTSIndex>N</BXS_IsTSIndex>
            </AD_Column>
            <AD_Column type="table">
                <IsSyncDatabase>Y</IsSyncDatabase>
                <AD_Table_ID reference="uuid" reference-key="AD_Table">7b96b618-8ce3-4e4f-a4b5-85be33429a35</AD_Table_ID>
                <AD_Reference_Value_ID reference="id"/>
                <AD_Client_ID>0</AD_Client_ID>
                <AD_Org_ID>0</AD_Org_ID>
                <Version>0</Version>
                <Name>Active</Name>
                <Description>The record is active in the system</Description>
                <Help>There are two methods of making records unavailable in the system: One is to delete the record, the other is to de-activate the record. A de-activated record is not available for selection, but available for reports.
There are two reasons for de-activating and not deleting records:
(1) The system requires the record for audit purposes.
(2) The record is referenced by other records. E.g., you cannot delete a Business Partner, if there are invoices for this partner record existing. You de-activate the Business Partner and prevent that this record is used for future entries.</Help>
                <AD_Val_Rule_ID reference="id"/>
                <ColumnName>IsActive</ColumnName>
                <DefaultValue>Y</DefaultValue>
                <FieldLength>1</FieldLength>
                <IsKey>N</IsKey>
                <IsParent>N</IsParent>
                <IsMandatory>Y</IsMandatory>
                <IsTranslated>N</IsTranslated>
                <IsIdentifier>N</IsIdentifier>
                <SeqNo/>
                <IsEncrypted>N</IsEncrypted>
                <AD_Reference_ID reference="id">20</AD_Reference_ID>
                <IsActive>Y</IsActive>
                <VFormat/>
                <Callout/>
                <AD_Element_ID reference="id">348</AD_Element_ID>
                <IsUpdateable>Y</IsUpdateable>
                <AD_Process_ID reference="id"/>
                <ValueMin/>
                <ValueMax/>
                <IsSelectionColumn>N</IsSelectionColumn>
                <ReadOnlyLogic/>
                <EntityType>KDB</EntityType>
                <IsAlwaysUpdateable>N</IsAlwaysUpdateable>
                <ColumnSQL/>
                <MandatoryLogic/>
                <IsAutocomplete>N</IsAutocomplete>
                <IsAllowLogging>Y</IsAllowLogging>
                <FormatPattern/>
                <AD_Chart_ID reference="id"/>
                <AD_Column_UU>3cb9bd78-e88f-4537-87ae-5708b9205717</AD_Column_UU>
                <IsAllowCopy>N</IsAllowCopy>
                <SeqNoSelection/>
                <IsToolbarButton>N</IsToolbarButton>
                <IsSecure>N</IsSecure>
                <FKConstraintName/>
                <FKConstraintType>N</FKConstraintType>
                <PA_DashboardContent_ID reference="id"/>
                <BXS_IsTSIndex>N</BXS_IsTSIndex>
            </AD_Column>
            <AD_Column type="table">
                <IsSyncDatabase>Y</IsSyncDatabase>
                <AD_Table_ID reference="uuid" reference-key="AD_Table">7b96b618-8ce3-4e4f-a4b5-85be33429a35</AD_Table_ID>
                <AD_Reference_Value_ID reference="id"/>
                <AD_Client_ID>0</AD_Client_ID>
                <AD_Org_ID>0</AD_Org_ID>
                <Version>0</Version>
                <Name>Range</Name>
                <Description>The parameter is a range of values</Description>
                <Help>The Range checkbox indicates that this parameter is a range of values.</Help>
                <AD_Val_Rule_ID reference="id"/>
                <ColumnName>IsRange</ColumnName>
                <DefaultValue/>
                <FieldLength>1</FieldLength>
                <IsKey>N</IsKey>
                <IsParent>N</IsParent>
                <IsMandatory>Y</IsMandatory>
                <IsTranslated>N</IsTranslated>
                <IsIdentifier>N</IsIdentifier>
                <SeqNo/>
                <IsEncrypted>N</IsEncrypted>
                <AD_Reference_ID reference="id">20</AD_Reference_ID>
                <IsActive>Y</IsActive>
                <VFormat/>
                <Callout/>
                <AD_Element_ID reference="id">404</AD_Element_ID>
                <IsUpdateable>Y</IsUpdateable>
                <AD_Process_ID reference="id"/>
                <ValueMin/>
                <ValueMax/>
                <IsSelectionColumn>N</IsSelectionColumn>
                <ReadOnlyLogic/>
                <EntityType>KDB</EntityType>
                <IsAlwaysUpdateable>N</IsAlwaysUpdateable>
                <ColumnSQL/>
                <MandatoryLogic/>
                <IsAutocomplete>N</IsAutocomplete>
                <IsAllowLogging>Y</IsAllowLogging>
                <FormatPattern/>
                <AD_Chart_ID reference="id"/>
                <AD_Column_UU>c2ba93e5-3b5d-4924-9394-cf4674b9d559</AD_Column_UU>
                <IsAllowCopy>Y</IsAllowCopy>
                <SeqNoSelection/>
                <IsToolbarButton>N</IsToolbarButton>
                <IsSecure>N</IsSecure>
                <FKConstraintName/>
                <FKConstraintType>N</FKConstraintType>
                <PA_DashboardContent_ID reference="id"/>
                <BXS_IsTSIndex>N</BXS_IsTSIndex>
            </AD_Column>
            <AD_Column type="table">
                <IsSyncDatabase>Y</IsSyncDatabase>
                <AD_Table_ID reference="uuid" reference-key="AD_Table">7b96b618-8ce3-4e4f-a4b5-85be33429a35</AD_Table_ID>
                <AD_Reference_Value_ID reference="id"/>
                <AD_Client_ID>0</AD_Client_ID>
                <AD_Org_ID>0</AD_Org_ID>
                <Version>0</Version>
                <Name>Name</Name>
                <Description>Alphanumeric identifier of the entity</Description>
                <Help>The name of an entity (record) is used as an default search option in addition to the search key. The name is up to 60 characters in length.</Help>
                <AD_Val_Rule_ID reference="id"/>
                <ColumnName>Name</ColumnName>
                <DefaultValue/>
                <FieldLength>60</FieldLength>
                <IsKey>N</IsKey>
                <IsParent>N</IsParent>
                <IsMandatory>Y</IsMandatory>
                <IsTranslated>N</IsTranslated>
                <IsIdentifier>Y</IsIdentifier>
                <SeqNo>1</SeqNo>
                <IsEncrypted>N</IsEncrypted>
                <AD_Reference_ID reference="id">10</AD_Reference_ID>
                <IsActive>Y</IsActive>
                <VFormat/>
                <Callout/>
                <AD_Element_ID reference="id">469</AD_Element_ID>
                <IsUpdateable>Y</IsUpdateable>
                <AD_Process_ID reference="id"/>
                <ValueMin/>
                <ValueMax/>
                <IsSelectionColumn>Y</IsSelectionColumn>
                <ReadOnlyLogic/>
                <EntityType>KDB</EntityType>
                <IsAlwaysUpdateable>N</IsAlwaysUpdateable>
                <ColumnSQL/>
                <MandatoryLogic/>
                <IsAutocomplete>N</IsAutocomplete>
                <IsAllowLogging>Y</IsAllowLogging>
                <FormatPattern/>
                <AD_Chart_ID reference="id"/>
                <AD_Column_UU>c6303bd5-dfa7-439a-bb0e-1462808d7071</AD_Column_UU>
                <IsAllowCopy>Y</IsAllowCopy>
                <SeqNoSelection/>
                <IsToolbarButton>N</IsToolbarButton>
                <IsSecure>N</IsSecure>
                <FKConstraintName/>
                <FKConstraintType>N</FKConstraintType>
                <PA_DashboardContent_ID reference="id"/>
                <BXS_IsTSIndex>N</BXS_IsTSIndex>
            </AD_Column>
            <AD_Column type="table">
                <IsSyncDatabase>Y</IsSyncDatabase>
                <AD_Table_ID reference="uuid" reference-key="AD_Table">7b96b618-8ce3-4e4f-a4b5-85be33429a35</AD_Table_ID>
                <AD_Reference_Value_ID reference="id"/>
                <AD_Client_ID>0</AD_Client_ID>
                <AD_Org_ID>0</AD_Org_ID>
                <Version>0</Version>
                <Name>Sequence</Name>
                <Description>Method of ordering records; lowest number comes first</Description>
                <Help>The Sequence indicates the order of records</Help>
                <AD_Val_Rule_ID reference="id"/>
                <ColumnName>SeqNo</ColumnName>
                <DefaultValue>@SQL=SELECT NVL(MAX(SeqNo),0)+10 AS DefaultValue FROM KDB_Parameter WHERE KDB_KanbanBoard_ID=@KDB_KanbanBoard_ID@</DefaultValue>
                <FieldLength>22</FieldLength>
                <IsKey>N</IsKey>
                <IsParent>N</IsParent>
                <IsMandatory>N</IsMandatory>
                <IsTranslated>N</IsTranslated>
                <IsIdentifier>N</IsIdentifier>
                <SeqNo/>
                <IsEncrypted>N</IsEncrypted>
                <AD_Reference_ID reference="id">11</AD_Reference_ID>
                <IsActive>Y</IsActive>
                <VFormat/>
                <Callout/>
                <AD_Element_ID reference="id">566</AD_Element_ID>
                <IsUpdateable>Y</IsUpdateable>
                <AD_Process_ID reference="id"/>
                <ValueMin/>
                <ValueMax/>
                <IsSelectionColumn>N</IsSelectionColumn>
                <ReadOnlyLogic/>
                <EntityType>KDB</EntityType>
                <IsAlwaysUpdateable>N</IsAlwaysUpdateable>
                <ColumnSQL/>
                <MandatoryLogic/>
                <IsAutocomplete>N</IsAutocomplete>
                <IsAllowLogging>Y</IsAllowLogging>
                <FormatPattern/>
                <AD_Chart_ID reference="id"/>
                <AD_Column_UU>c00897d2-0a12-482a-9d86-ea59d0647677</AD_Column_UU>
                <IsAllowCopy>Y</IsAllowCopy>
                <SeqNoSelection/>
                <IsToolbarButton>N</IsToolbarButton>
                <IsSecure>N</IsSecure>
                <FKConstraintName/>
                <FKConstraintType>N</FKConstraintType>
                <PA_DashboardContent_ID reference="id"/>
                <BXS_IsTSIndex>N</BXS_IsTSIndex>
            </AD_Column>
            <AD_Column type="table">
                <IsSyncDatabase>Y</IsSyncDatabase>
                <AD_Table_ID reference="uuid" reference-key="AD_Table">7b96b618-8ce3-4e4f-a4b5-85be33429a35</AD_Table_ID>
                <AD_Reference_Value_ID reference="id"/>
                <AD_Client_ID>0</AD_Client_ID>
                <AD_Org_ID>0</AD_Org_ID>
                <Version>0</Version>
                <Name>Updated</Name>
                <Description>Date this record was updated</Description>
                <Help>The Updated field indicates the date that this record was updated.</Help>
                <AD_Val_Rule_ID reference="id"/>
                <ColumnName>Updated</ColumnName>
                <DefaultValue>SYSDATE</DefaultValue>
                <FieldLength>7</FieldLength>
                <IsKey>N</IsKey>
                <IsParent>N</IsParent>
                <IsMandatory>Y</IsMandatory>
                <IsTranslated>N</IsTranslated>
                <IsIdentifier>N</IsIdentifier>
                <SeqNo/>
                <IsEncrypted>N</IsEncrypted>
                <AD_Reference_ID reference="id">16</AD_Reference_ID>
                <IsActive>Y</IsActive>
                <VFormat/>
                <Callout/>
                <AD_Element_ID reference="id">607</AD_Element_ID>
                <IsUpdateable>N</IsUpdateable>
                <AD_Process_ID reference="id"/>
                <ValueMin/>
                <ValueMax/>
                <IsSelectionColumn>N</IsSelectionColumn>
                <ReadOnlyLogic/>
                <EntityType>KDB</EntityType>
                <IsAlwaysUpdateable>N</IsAlwaysUpdateable>
                <ColumnSQL/>
                <MandatoryLogic/>
                <IsAutocomplete>N</IsAutocomplete>
                <IsAllowLogging>Y</IsAllowLogging>
                <FormatPattern/>
                <AD_Chart_ID reference="id"/>
                <AD_Column_UU>f6dbf60b-c54b-46d8-b041-d7e8d934c08b</AD_Column_UU>
                <IsAllowCopy>N</IsAllowCopy>
                <SeqNoSelection/>
                <IsToolbarButton>N</IsToolbarButton>
                <IsSecure>N</IsSecure>
                <FKConstraintName/>
                <FKConstraintType>N</FKConstraintType>
                <PA_DashboardContent_ID reference="id"/>
                <BXS_IsTSIndex>N</BXS_IsTSIndex>
            </AD_Column>
            <AD_Column type="table">
                <IsSyncDatabase>Y</IsSyncDatabase>
                <AD_Table_ID reference="uuid" reference-key="AD_Table">7b96b618-8ce3-4e4f-a4b5-85be33429a35</AD_Table_ID>
                <AD_Reference_Value_ID reference="id">110</AD_Reference_Value_ID>
                <AD_Client_ID>0</AD_Client_ID>
                <AD_Org_ID>0</AD_Org_ID>
                <Version>0</Version>
                <Name>Updated By</Name>
                <Description>User who updated this records</Description>
                <Help>The Updated By field indicates the user who updated this record.</Help>
                <AD_Val_Rule_ID reference="id"/>
                <ColumnName>UpdatedBy</ColumnName>
                <DefaultValue/>
                <FieldLength>22</FieldLength>
                <IsKey>N</IsKey>
                <IsParent>N</IsParent>
                <IsMandatory>Y</IsMandatory>
                <IsTranslated>N</IsTranslated>
                <IsIdentifier>N</IsIdentifier>
                <SeqNo/>
                <IsEncrypted>N</IsEncrypted>
                <AD_Reference_ID reference="id">18</AD_Reference_ID>
                <IsActive>Y</IsActive>
                <VFormat/>
                <Callout/>
                <AD_Element_ID reference="id">608</AD_Element_ID>
                <IsUpdateable>N</IsUpdateable>
                <AD_Process_ID reference="id"/>
                <ValueMin/>
                <ValueMax/>
                <IsSelectionColumn>N</IsSelectionColumn>
                <ReadOnlyLogic/>
                <EntityType>KDB</EntityType>
                <IsAlwaysUpdateable>N</IsAlwaysUpdateable>
                <ColumnSQL/>
                <MandatoryLogic/>
                <IsAutocomplete>N</IsAutocomplete>
                <IsAllowLogging>Y</IsAllowLogging>
                <FormatPattern/>
                <AD_Chart_ID reference="id"/>
                <AD_Column_UU>fa73a13f-e63a-4317-bb0e-58e474a30c20</AD_Column_UU>
                <IsAllowCopy>N</IsAllowCopy>
                <SeqNoSelection/>
                <IsToolbarButton>N</IsToolbarButton>
                <IsSecure>N</IsSecure>
                <FKConstraintName/>
                <FKConstraintType>D</FKConstraintType>
                <PA_DashboardContent_ID reference="id"/>
                <BXS_IsTSIndex>N</BXS_IsTSIndex>
            </AD_Column>
            <AD_Column type="table">
                <IsSyncDatabase>Y</IsSyncDatabase>
                <AD_Table_ID reference="uuid" reference-key="AD_Table">7b96b618-8ce3-4e4f-a4b5-85be33429a35</AD_Table_ID>
                <AD_Reference_Value_ID reference="id">200061</AD_Reference_Value_ID>
                <AD_Client_ID>0</AD_Client_ID>
                <AD_Org_ID>0</AD_Org_ID>
                <Version>0</Version>
                <Name>Query Operator</Name>
                <Description>Operator for database query</Description>
                <Help/>
                <AD_Val_Rule_ID reference="id"/>
                <ColumnName>QueryOperator</ColumnName>
                <DefaultValue/>
                <FieldLength>10</FieldLength>
                <IsKey>N</IsKey>
                <IsParent>N</IsParent>
                <IsMandatory>N</IsMandatory>
                <IsTranslated>N</IsTranslated>
                <IsIdentifier>N</IsIdentifier>
                <SeqNo>0</SeqNo>
                <IsEncrypted>N</IsEncrypted>
                <AD_Reference_ID reference="id">17</AD_Reference_ID>
                <IsActive>Y</IsActive>
                <VFormat/>
                <Callout/>
                <AD_Element_ID reference="id">202188</AD_Element_ID>
                <IsUpdateable>Y</IsUpdateable>
                <AD_Process_ID reference="id"/>
                <ValueMin/>
                <ValueMax/>
                <IsSelectionColumn>N</IsSelectionColumn>
                <ReadOnlyLogic/>
                <EntityType>KDB</EntityType>
                <IsAlwaysUpdateable>N</IsAlwaysUpdateable>
                <ColumnSQL/>
                <MandatoryLogic/>
                <IsAutocomplete>N</IsAutocomplete>
                <IsAllowLogging>Y</IsAllowLogging>
                <FormatPattern/>
                <AD_Chart_ID reference="id"/>
                <AD_Column_UU>95ea9311-9509-4966-a189-a09e6e483ba6</AD_Column_UU>
                <IsAllowCopy>Y</IsAllowCopy>
                <SeqNoSelection>0</SeqNoSelection>
                <IsToolbarButton>N</IsToolbarButton>
                <IsSecure>N</IsSecure>
                <FKConstraintName/>
                <FKConstraintType>N</FKConstraintType>
                <PA_DashboardContent_ID reference="id"/>
                <BXS_IsTSIndex>N</BXS_IsTSIndex>
            </AD_Column>
        </AD_Table>
        <AD_Tab type="table">
            <AD_Client_ID>0</AD_Client_ID>
            <AD_Org_ID>0</AD_Org_ID>
            <Name>Kanban Parameter</Name>
            <Description/>
            <Help/>
            <AD_Window_ID reference="uuid" reference-key="AD_Window">6b5c2c5e-8e47-47d2-b33c-18c16e91be8c</AD_Window_ID>
            <SeqNo>70</SeqNo>
            <IsSingleRow>Y</IsSingleRow>
            <AD_Table_ID reference="uuid" reference-key="AD_Table">7b96b618-8ce3-4e4f-a4b5-85be33429a35</AD_Table_ID>
            <IsActive>Y</IsActive>
            <HasTree>N</HasTree>
            <IsInfoTab>N</IsInfoTab>
            <IsTranslationTab>N</IsTranslationTab>
            <IsReadOnly>N</IsReadOnly>
            <AD_Column_ID reference="uuid" reference-key="AD_Column">594aae6e-3b03-4c3d-adb6-0ebdf5237ea5</AD_Column_ID>
            <WhereClause/>
            <OrderByClause/>
            <CommitWarning/>
            <AD_Process_ID reference="id"/>
            <Processing>N</Processing>
            <AD_Image_ID reference="id"/>
            <ImportFields>N</ImportFields>
            <TabLevel>1</TabLevel>
            <IsSortTab>N</IsSortTab>
            <AD_ColumnSortYesNo_ID reference="id"/>
            <AD_ColumnSortOrder_ID reference="id"/>
            <EntityType>KDB</EntityType>
            <Included_Tab_ID reference="id"/>
            <ReadOnlyLogic/>
            <DisplayLogic/>
            <IsInsertRecord>Y</IsInsertRecord>
            <IsAdvancedTab>Y</IsAdvancedTab>
            <Parent_Column_ID reference="id"/>
            <AD_Tab_UU>023c155e-0646-4f38-a303-fb3ad03e44d6</AD_Tab_UU>
            <AD_CtxHelp_ID reference="id"/>
            <TreeDisplayedOn>B</TreeDisplayedOn>
            <BAY_MobileFormat/>
            <AD_Tab_Trl type="translation">
                <Help/>
                <CommitWarning/>
                <Name>Kanban Parameter</Name>
                <Description/>
                <AD_Language>es_CO</AD_Language>
                <IsActive>Y</IsActive>
                <IsTranslated>N</IsTranslated>
            </AD_Tab_Trl>
            <AD_Field type="table">
                <AD_Client_ID>0</AD_Client_ID>
                <AD_Org_ID>0</AD_Org_ID>
                <Name>Kanban Parameter</Name>
                <Description/>
                <Help/>
                <AD_Tab_ID reference="uuid" reference-key="AD_Tab">023c155e-0646-4f38-a303-fb3ad03e44d6</AD_Tab_ID>
                <AD_Column_ID reference="uuid" reference-key="AD_Column">4205c9b5-7c86-4cbf-a7b2-3c8a96e75d29</AD_Column_ID>
                <IsDisplayed>N</IsDisplayed>
                <DisplayLogic/>
                <DisplayLength>22</DisplayLength>
                <SeqNo>0</SeqNo>
                <SortNo/>
                <IsSameLine>N</IsSameLine>
                <IsHeading>N</IsHeading>
                <IsFieldOnly>N</IsFieldOnly>
                <IsEncrypted>N</IsEncrypted>
                <IsActive>Y</IsActive>
                <IsReadOnly>N</IsReadOnly>
                <IsCentrallyMaintained>Y</IsCentrallyMaintained>
                <AD_FieldGroup_ID reference="id"/>
                <EntityType>KDB</EntityType>
                <ObscureType/>
                <AD_Reference_ID reference="id"/>
                <IsMandatory/>
                <DefaultValue/>
                <AD_Reference_Value_ID reference="id"/>
                <AD_Val_Rule_ID reference="id"/>
                <Included_Tab_ID reference="id"/>
                <AD_Field_UU>9082d26e-b1a8-4a03-b5c5-5aedf34407d8</AD_Field_UU>
                <IsAllowCopy/>
                <IsDisplayedGrid>N</IsDisplayedGrid>
                <SeqNoGrid/>
                <XPosition>1</XPosition>
                <ColumnSpan>2</ColumnSpan>
                <NumLines>1</NumLines>
                <IsQuickEntry>N</IsQuickEntry>
                <IsUpdateable/>
                <IsAlwaysUpdateable/>
                <MandatoryLogic/>
                <ReadOnlyLogic/>
                <IsToolbarButton/>
                <IsDefaultFocus>N</IsDefaultFocus>
                <IsAdvancedField>N</IsAdvancedField>
                <VFormat/>
                <AD_LabelStyle_ID reference="id"/>
                <AD_FieldStyle_ID reference="id"/>
                <AD_Field_Trl type="translation">
                    <Help/>
                    <Description/>
                    <Name>Kanban Parameter</Name>
                    <AD_Language>es_CO</AD_Language>
                    <IsActive>Y</IsActive>
                    <IsTranslated>N</IsTranslated>
                </AD_Field_Trl>
            </AD_Field>
            <AD_Field type="table">
                <AD_Client_ID>0</AD_Client_ID>
                <AD_Org_ID>0</AD_Org_ID>
                <Name>KDB_Parameter_UU</Name>
                <Description/>
                <Help/>
                <AD_Tab_ID reference="uuid" reference-key="AD_Tab">023c155e-0646-4f38-a303-fb3ad03e44d6</AD_Tab_ID>
                <AD_Column_ID reference="uuid" reference-key="AD_Column">7f2a2bc6-2750-41d3-9ea6-f44e799c49f8</AD_Column_ID>
                <IsDisplayed>N</IsDisplayed>
                <DisplayLogic/>
                <DisplayLength>36</DisplayLength>
                <SeqNo>0</SeqNo>
                <SortNo/>
                <IsSameLine>N</IsSameLine>
                <IsHeading>N</IsHeading>
                <IsFieldOnly>N</IsFieldOnly>
                <IsEncrypted>N</IsEncrypted>
                <IsActive>Y</IsActive>
                <IsReadOnly>N</IsReadOnly>
                <IsCentrallyMaintained>Y</IsCentrallyMaintained>
                <AD_FieldGroup_ID reference="id"/>
                <EntityType>KDB</EntityType>
                <ObscureType/>
                <AD_Reference_ID reference="id"/>
                <IsMandatory/>
                <DefaultValue/>
                <AD_Reference_Value_ID reference="id"/>
                <AD_Val_Rule_ID reference="id"/>
                <Included_Tab_ID reference="id"/>
                <AD_Field_UU>2e48533b-d0d6-428c-9463-38fe7bf42178</AD_Field_UU>
                <IsAllowCopy/>
                <IsDisplayedGrid>N</IsDisplayedGrid>
                <SeqNoGrid/>
                <XPosition>1</XPosition>
                <ColumnSpan>2</ColumnSpan>
                <NumLines>1</NumLines>
                <IsQuickEntry>N</IsQuickEntry>
                <IsUpdateable/>
                <IsAlwaysUpdateable/>
                <MandatoryLogic/>
                <ReadOnlyLogic/>
                <IsToolbarButton/>
                <IsDefaultFocus>N</IsDefaultFocus>
                <IsAdvancedField>N</IsAdvancedField>
                <VFormat/>
                <AD_LabelStyle_ID reference="id"/>
                <AD_FieldStyle_ID reference="id"/>
                <AD_Field_Trl type="translation">
                    <Help/>
                    <Description/>
                    <Name>KDB_Parameter_UU</Name>
                    <AD_Language>es_CO</AD_Language>
                    <IsActive>Y</IsActive>
                    <IsTranslated>N</IsTranslated>
                </AD_Field_Trl>
            </AD_Field>
            <AD_Field type="table">
                <AD_Client_ID>0</AD_Client_ID>
                <AD_Org_ID>0</AD_Org_ID>
                <Name>Client</Name>
                <Description>Client/Tenant for this installation.</Description>
                <Help>A Client is a company or a legal entity. You cannot share data between Clients. Tenant is a synonym for Client.</Help>
                <AD_Tab_ID reference="uuid" reference-key="AD_Tab">023c155e-0646-4f38-a303-fb3ad03e44d6</AD_Tab_ID>
                <AD_Column_ID reference="uuid" reference-key="AD_Column">bd5adc2b-443d-4d65-ac99-32e7de054b9e</AD_Column_ID>
                <IsDisplayed>Y</IsDisplayed>
                <DisplayLogic/>
                <DisplayLength>22</DisplayLength>
                <SeqNo>10</SeqNo>
                <SortNo/>
                <IsSameLine>N</IsSameLine>
                <IsHeading>N</IsHeading>
                <IsFieldOnly>N</IsFieldOnly>
                <IsEncrypted>N</IsEncrypted>
                <IsActive>Y</IsActive>
                <IsReadOnly>N</IsReadOnly>
                <IsCentrallyMaintained>Y</IsCentrallyMaintained>
                <AD_FieldGroup_ID reference="id"/>
                <EntityType>KDB</EntityType>
                <ObscureType/>
                <AD_Reference_ID reference="id"/>
                <IsMandatory/>
                <DefaultValue/>
                <AD_Reference_Value_ID reference="id"/>
                <AD_Val_Rule_ID reference="id"/>
                <Included_Tab_ID reference="id"/>
                <AD_Field_UU>8f001966-40f5-46cc-b580-521346f57939</AD_Field_UU>
                <IsAllowCopy/>
                <IsDisplayedGrid>Y</IsDisplayedGrid>
                <SeqNoGrid>10</SeqNoGrid>
                <XPosition>1</XPosition>
                <ColumnSpan>2</ColumnSpan>
                <NumLines>1</NumLines>
                <IsQuickEntry>N</IsQuickEntry>
                <IsUpdateable/>
                <IsAlwaysUpdateable/>
                <MandatoryLogic/>
                <ReadOnlyLogic/>
                <IsToolbarButton/>
                <IsDefaultFocus>N</IsDefaultFocus>
                <IsAdvancedField>N</IsAdvancedField>
                <VFormat/>
                <AD_LabelStyle_ID reference="id"/>
                <AD_FieldStyle_ID reference="id"/>
                <AD_Field_Trl type="translation">
                    <Help>A Client is a company or a legal entity. You cannot share data between Clients. Tenant is a synonym for Client.</Help>
                    <Description>Client/Tenant for this installation.</Description>
                    <Name>Client</Name>
                    <AD_Language>es_CO</AD_Language>
                    <IsActive>Y</IsActive>
                    <IsTranslated>N</IsTranslated>
                </AD_Field_Trl>
            </AD_Field>
            <AD_Field type="table">
                <AD_Client_ID>0</AD_Client_ID>
                <AD_Org_ID>0</AD_Org_ID>
                <Name>Organization</Name>
                <Description>Organizational entity within client</Description>
                <Help>An organization is a unit of your client or legal entity - examples are store, department. You can share data between organizations.</Help>
                <AD_Tab_ID reference="uuid" reference-key="AD_Tab">023c155e-0646-4f38-a303-fb3ad03e44d6</AD_Tab_ID>
                <AD_Column_ID reference="uuid" reference-key="AD_Column">696f43f6-5a04-4e46-b799-2a6717bfbbfe</AD_Column_ID>
                <IsDisplayed>Y</IsDisplayed>
                <DisplayLogic/>
                <DisplayLength>22</DisplayLength>
                <SeqNo>20</SeqNo>
                <SortNo/>
                <IsSameLine>N</IsSameLine>
                <IsHeading>N</IsHeading>
                <IsFieldOnly>N</IsFieldOnly>
                <IsEncrypted>N</IsEncrypted>
                <IsActive>Y</IsActive>
                <IsReadOnly>N</IsReadOnly>
                <IsCentrallyMaintained>Y</IsCentrallyMaintained>
                <AD_FieldGroup_ID reference="id"/>
                <EntityType>KDB</EntityType>
                <ObscureType/>
                <AD_Reference_ID reference="id"/>
                <IsMandatory/>
                <DefaultValue/>
                <AD_Reference_Value_ID reference="id"/>
                <AD_Val_Rule_ID reference="id"/>
                <Included_Tab_ID reference="id"/>
                <AD_Field_UU>8dca2eb6-dd94-49ab-af4f-6e6cafda93ae</AD_Field_UU>
                <IsAllowCopy>Y</IsAllowCopy>
                <IsDisplayedGrid>N</IsDisplayedGrid>
                <SeqNoGrid/>
                <XPosition>4</XPosition>
                <ColumnSpan>2</ColumnSpan>
                <NumLines>1</NumLines>
                <IsQuickEntry>N</IsQuickEntry>
                <IsUpdateable/>
                <IsAlwaysUpdateable/>
                <MandatoryLogic/>
                <ReadOnlyLogic/>
                <IsToolbarButton/>
                <IsDefaultFocus>N</IsDefaultFocus>
                <IsAdvancedField>N</IsAdvancedField>
                <VFormat/>
                <AD_LabelStyle_ID reference="id"/>
                <AD_FieldStyle_ID reference="id"/>
                <AD_Field_Trl type="translation">
                    <Help>An organization is a unit of your client or legal entity - examples are store, department. You can share data between organizations.</Help>
                    <Description>Organizational entity within client</Description>
                    <Name>Organization</Name>
                    <AD_Language>es_CO</AD_Language>
                    <IsActive>Y</IsActive>
                    <IsTranslated>N</IsTranslated>
                </AD_Field_Trl>
            </AD_Field>
            <AD_Field type="table">
                <AD_Client_ID>0</AD_Client_ID>
                <AD_Org_ID>0</AD_Org_ID>
                <Name>Kanban Board</Name>
                <Description/>
                <Help/>
                <AD_Tab_ID reference="uuid" reference-key="AD_Tab">023c155e-0646-4f38-a303-fb3ad03e44d6</AD_Tab_ID>
                <AD_Column_ID reference="uuid" reference-key="AD_Column">594aae6e-3b03-4c3d-adb6-0ebdf5237ea5</AD_Column_ID>
                <IsDisplayed>Y</IsDisplayed>
                <DisplayLogic/>
                <DisplayLength>22</DisplayLength>
                <SeqNo>30</SeqNo>
                <SortNo/>
                <IsSameLine>N</IsSameLine>
                <IsHeading>N</IsHeading>
                <IsFieldOnly>N</IsFieldOnly>
                <IsEncrypted>N</IsEncrypted>
                <IsActive>Y</IsActive>
                <IsReadOnly>N</IsReadOnly>
                <IsCentrallyMaintained>Y</IsCentrallyMaintained>
                <AD_FieldGroup_ID reference="id"/>
                <EntityType>KDB</EntityType>
                <ObscureType/>
                <AD_Reference_ID reference="id"/>
                <IsMandatory/>
                <DefaultValue/>
                <AD_Reference_Value_ID reference="id"/>
                <AD_Val_Rule_ID reference="id"/>
                <Included_Tab_ID reference="id"/>
                <AD_Field_UU>73f81fe7-261b-4e59-892e-dea8c575a76f</AD_Field_UU>
                <IsAllowCopy/>
                <IsDisplayedGrid>Y</IsDisplayedGrid>
                <SeqNoGrid>40</SeqNoGrid>
                <XPosition>1</XPosition>
                <ColumnSpan>2</ColumnSpan>
                <NumLines>1</NumLines>
                <IsQuickEntry>N</IsQuickEntry>
                <IsUpdateable/>
                <IsAlwaysUpdateable/>
                <MandatoryLogic/>
                <ReadOnlyLogic/>
                <IsToolbarButton/>
                <IsDefaultFocus>N</IsDefaultFocus>
                <IsAdvancedField>N</IsAdvancedField>
                <VFormat/>
                <AD_LabelStyle_ID reference="id"/>
                <AD_FieldStyle_ID reference="id"/>
                <AD_Field_Trl type="translation">
                    <Help/>
                    <Description/>
                    <Name>Kanban Board</Name>
                    <AD_Language>es_CO</AD_Language>
                    <IsActive>Y</IsActive>
                    <IsTranslated>N</IsTranslated>
                </AD_Field_Trl>
            </AD_Field>
            <AD_Field type="table">
                <AD_Client_ID>0</AD_Client_ID>
                <AD_Org_ID>0</AD_Org_ID>
                <Name>Name</Name>
                <Description>Alphanumeric identifier of the entity</Description>
                <Help>The name of an entity (record) is used as an default search option in addition to the search key. The name is up to 60 characters in length.</Help>
                <AD_Tab_ID reference="uuid" reference-key="AD_Tab">023c155e-0646-4f38-a303-fb3ad03e44d6</AD_Tab_ID>
                <AD_Column_ID reference="uuid" reference-key="AD_Column">c6303bd5-dfa7-439a-bb0e-1462808d7071</AD_Column_ID>
                <IsDisplayed>Y</IsDisplayed>
                <DisplayLogic/>
                <DisplayLength>60</DisplayLength>
                <SeqNo>40</SeqNo>
                <SortNo/>
                <IsSameLine>N</IsSameLine>
                <IsHeading>N</IsHeading>
                <IsFieldOnly>N</IsFieldOnly>
                <IsEncrypted>N</IsEncrypted>
                <IsActive>Y</IsActive>
                <IsReadOnly>N</IsReadOnly>
                <IsCentrallyMaintained>Y</IsCentrallyMaintained>
                <AD_FieldGroup_ID reference="id"/>
                <EntityType>KDB</EntityType>
                <ObscureType/>
                <AD_Reference_ID reference="id"/>
                <IsMandatory/>
                <DefaultValue/>
                <AD_Reference_Value_ID reference="id"/>
                <AD_Val_Rule_ID reference="id"/>
                <Included_Tab_ID reference="id"/>
                <AD_Field_UU>e6e927cd-96db-4b72-b639-7f8125073c6f</AD_Field_UU>
                <IsAllowCopy/>
                <IsDisplayedGrid>Y</IsDisplayedGrid>
                <SeqNoGrid>20</SeqNoGrid>
                <XPosition>1</XPosition>
                <ColumnSpan>5</ColumnSpan>
                <NumLines>1</NumLines>
                <IsQuickEntry>N</IsQuickEntry>
                <IsUpdateable/>
                <IsAlwaysUpdateable/>
                <MandatoryLogic/>
                <ReadOnlyLogic/>
                <IsToolbarButton/>
                <IsDefaultFocus>N</IsDefaultFocus>
                <IsAdvancedField>N</IsAdvancedField>
                <VFormat/>
                <AD_LabelStyle_ID reference="id"/>
                <AD_FieldStyle_ID reference="id"/>
                <AD_Field_Trl type="translation">
                    <Help>The name of an entity (record) is used as an default search option in addition to the search key. The name is up to 60 characters in length.</Help>
                    <Description>Alphanumeric identifier of the entity</Description>
                    <Name>Name</Name>
                    <AD_Language>es_CO</AD_Language>
                    <IsActive>Y</IsActive>
                    <IsTranslated>N</IsTranslated>
                </AD_Field_Trl>
            </AD_Field>
            <AD_Field type="table">
                <AD_Client_ID>0</AD_Client_ID>
                <AD_Org_ID>0</AD_Org_ID>
                <Name>Description</Name>
                <Description>Optional short description of the record</Description>
                <Help>A description is limited to 255 characters.</Help>
                <AD_Tab_ID reference="uuid" reference-key="AD_Tab">023c155e-0646-4f38-a303-fb3ad03e44d6</AD_Tab_ID>
                <AD_Column_ID reference="uuid" reference-key="AD_Column">33d1a841-0767-4474-8d32-9d7feab20bad</AD_Column_ID>
                <IsDisplayed>Y</IsDisplayed>
                <DisplayLogic/>
                <DisplayLength>255</DisplayLength>
                <SeqNo>50</SeqNo>
                <SortNo/>
                <IsSameLine>N</IsSameLine>
                <IsHeading>N</IsHeading>
                <IsFieldOnly>N</IsFieldOnly>
                <IsEncrypted>N</IsEncrypted>
                <IsActive>Y</IsActive>
                <IsReadOnly>N</IsReadOnly>
                <IsCentrallyMaintained>Y</IsCentrallyMaintained>
                <AD_FieldGroup_ID reference="id"/>
                <EntityType>KDB</EntityType>
                <ObscureType/>
                <AD_Reference_ID reference="id"/>
                <IsMandatory/>
                <DefaultValue/>
                <AD_Reference_Value_ID reference="id"/>
                <AD_Val_Rule_ID reference="id"/>
                <Included_Tab_ID reference="id"/>
                <AD_Field_UU>3bf91db7-6494-4a31-8f9e-6174d844f164</AD_Field_UU>
                <IsAllowCopy/>
                <IsDisplayedGrid>Y</IsDisplayedGrid>
                <SeqNoGrid>30</SeqNoGrid>
                <XPosition>1</XPosition>
                <ColumnSpan>5</ColumnSpan>
                <NumLines>1</NumLines>
                <IsQuickEntry>N</IsQuickEntry>
                <IsUpdateable/>
                <IsAlwaysUpdateable/>
                <MandatoryLogic/>
                <ReadOnlyLogic/>
                <IsToolbarButton/>
                <IsDefaultFocus>N</IsDefaultFocus>
                <IsAdvancedField>N</IsAdvancedField>
                <VFormat/>
                <AD_LabelStyle_ID reference="id"/>
                <AD_FieldStyle_ID reference="id"/>
                <AD_Field_Trl type="translation">
                    <Help>A description is limited to 255 characters.</Help>
                    <Description>Optional short description of the record</Description>
                    <Name>Description</Name>
                    <AD_Language>es_CO</AD_Language>
                    <IsActive>Y</IsActive>
                    <IsTranslated>N</IsTranslated>
                </AD_Field_Trl>
            </AD_Field>
            <AD_Field type="table">
                <AD_Client_ID>0</AD_Client_ID>
                <AD_Org_ID>0</AD_Org_ID>
                <Name>Sequence</Name>
                <Description>Method of ordering records; lowest number comes first</Description>
                <Help>The Sequence indicates the order of records</Help>
                <AD_Tab_ID reference="uuid" reference-key="AD_Tab">023c155e-0646-4f38-a303-fb3ad03e44d6</AD_Tab_ID>
                <AD_Column_ID reference="uuid" reference-key="AD_Column">c00897d2-0a12-482a-9d86-ea59d0647677</AD_Column_ID>
                <IsDisplayed>Y</IsDisplayed>
                <DisplayLogic/>
                <DisplayLength>22</DisplayLength>
                <SeqNo>60</SeqNo>
                <SortNo/>
                <IsSameLine>N</IsSameLine>
                <IsHeading>N</IsHeading>
                <IsFieldOnly>N</IsFieldOnly>
                <IsEncrypted>N</IsEncrypted>
                <IsActive>Y</IsActive>
                <IsReadOnly>N</IsReadOnly>
                <IsCentrallyMaintained>Y</IsCentrallyMaintained>
                <AD_FieldGroup_ID reference="id"/>
                <EntityType>KDB</EntityType>
                <ObscureType/>
                <AD_Reference_ID reference="id"/>
                <IsMandatory/>
                <DefaultValue/>
                <AD_Reference_Value_ID reference="id"/>
                <AD_Val_Rule_ID reference="id"/>
                <Included_Tab_ID reference="id"/>
                <AD_Field_UU>4f8970e3-7f63-4e04-9022-46cc2f7f297f</AD_Field_UU>
                <IsAllowCopy/>
                <IsDisplayedGrid>Y</IsDisplayedGrid>
                <SeqNoGrid>90</SeqNoGrid>
                <XPosition>1</XPosition>
                <ColumnSpan>2</ColumnSpan>
                <NumLines>1</NumLines>
                <IsQuickEntry>N</IsQuickEntry>
                <IsUpdateable/>
                <IsAlwaysUpdateable/>
                <MandatoryLogic/>
                <ReadOnlyLogic/>
                <IsToolbarButton/>
                <IsDefaultFocus>N</IsDefaultFocus>
                <IsAdvancedField>N</IsAdvancedField>
                <VFormat/>
                <AD_LabelStyle_ID reference="id"/>
                <AD_FieldStyle_ID reference="id"/>
                <AD_Field_Trl type="translation">
                    <Help>The Sequence indicates the order of records</Help>
                    <Description>Method of ordering records; lowest number comes first</Description>
                    <Name>Sequence</Name>
                    <AD_Language>es_CO</AD_Language>
                    <IsActive>Y</IsActive>
                    <IsTranslated>N</IsTranslated>
                </AD_Field_Trl>
            </AD_Field>
            <AD_Field type="table">
                <AD_Client_ID>0</AD_Client_ID>
                <AD_Org_ID>0</AD_Org_ID>
                <Name>Query Operator</Name>
                <Description>Operator for database query</Description>
                <Help/>
                <AD_Tab_ID reference="uuid" reference-key="AD_Tab">023c155e-0646-4f38-a303-fb3ad03e44d6</AD_Tab_ID>
                <AD_Column_ID reference="uuid" reference-key="AD_Column">95ea9311-9509-4966-a189-a09e6e483ba6</AD_Column_ID>
                <IsDisplayed>Y</IsDisplayed>
                <DisplayLogic/>
                <DisplayLength>10</DisplayLength>
                <SeqNo>70</SeqNo>
                <SortNo/>
                <IsSameLine>N</IsSameLine>
                <IsHeading>N</IsHeading>
                <IsFieldOnly>N</IsFieldOnly>
                <IsEncrypted>N</IsEncrypted>
                <IsActive>Y</IsActive>
                <IsReadOnly>N</IsReadOnly>
                <IsCentrallyMaintained>Y</IsCentrallyMaintained>
                <AD_FieldGroup_ID reference="id"/>
                <EntityType>KDB</EntityType>
                <ObscureType/>
                <AD_Reference_ID reference="id"/>
                <IsMandatory/>
                <DefaultValue/>
                <AD_Reference_Value_ID reference="id"/>
                <AD_Val_Rule_ID reference="id"/>
                <Included_Tab_ID reference="id"/>
                <AD_Field_UU>06fcc752-e270-47ad-b837-f8f27a24c9e2</AD_Field_UU>
                <IsAllowCopy/>
                <IsDisplayedGrid>Y</IsDisplayedGrid>
                <SeqNoGrid>110</SeqNoGrid>
                <XPosition>4</XPosition>
                <ColumnSpan>2</ColumnSpan>
                <NumLines>1</NumLines>
                <IsQuickEntry>N</IsQuickEntry>
                <IsUpdateable/>
                <IsAlwaysUpdateable/>
                <MandatoryLogic/>
                <ReadOnlyLogic/>
                <IsToolbarButton/>
                <IsDefaultFocus>N</IsDefaultFocus>
                <IsAdvancedField>N</IsAdvancedField>
                <VFormat/>
                <AD_LabelStyle_ID reference="id"/>
                <AD_FieldStyle_ID reference="id"/>
                <AD_Field_Trl type="translation">
                    <Help/>
                    <Description>Operator for database query</Description>
                    <Name>Query Operator</Name>
                    <AD_Language>es_CO</AD_Language>
                    <IsActive>Y</IsActive>
                    <IsTranslated>N</IsTranslated>
                </AD_Field_Trl>
            </AD_Field>
            <AD_Field type="table">
                <AD_Client_ID>0</AD_Client_ID>
                <AD_Org_ID>0</AD_Org_ID>
                <Name>Column Table</Name>
                <Description/>
                <Help/>
                <AD_Tab_ID reference="uuid" reference-key="AD_Tab">023c155e-0646-4f38-a303-fb3ad03e44d6</AD_Tab_ID>
                <AD_Column_ID reference="uuid" reference-key="AD_Column">ad9f65ce-160d-40b7-8169-346d0047acec</AD_Column_ID>
                <IsDisplayed>Y</IsDisplayed>
                <DisplayLogic/>
                <DisplayLength>22</DisplayLength>
                <SeqNo>80</SeqNo>
                <SortNo/>
                <IsSameLine>N</IsSameLine>
                <IsHeading>N</IsHeading>
                <IsFieldOnly>N</IsFieldOnly>
                <IsEncrypted>N</IsEncrypted>
                <IsActive>Y</IsActive>
                <IsReadOnly>N</IsReadOnly>
                <IsCentrallyMaintained>Y</IsCentrallyMaintained>
                <AD_FieldGroup_ID reference="id"/>
                <EntityType>KDB</EntityType>
                <ObscureType/>
                <AD_Reference_ID reference="id"/>
                <IsMandatory/>
                <DefaultValue/>
                <AD_Reference_Value_ID reference="id"/>
                <AD_Val_Rule_ID reference="id"/>
                <Included_Tab_ID reference="id"/>
                <AD_Field_UU>314c6295-4445-4218-9382-11523d74f1a1</AD_Field_UU>
                <IsAllowCopy/>
                <IsDisplayedGrid>Y</IsDisplayedGrid>
                <SeqNoGrid>50</SeqNoGrid>
                <XPosition>1</XPosition>
                <ColumnSpan>2</ColumnSpan>
                <NumLines>1</NumLines>
                <IsQuickEntry>N</IsQuickEntry>
                <IsUpdateable/>
                <IsAlwaysUpdateable/>
                <MandatoryLogic/>
                <ReadOnlyLogic/>
                <IsToolbarButton/>
                <IsDefaultFocus>N</IsDefaultFocus>
                <IsAdvancedField>N</IsAdvancedField>
                <VFormat/>
                <AD_LabelStyle_ID reference="id"/>
                <AD_FieldStyle_ID reference="id"/>
                <AD_Field_Trl type="translation">
                    <Help/>
                    <Description/>
                    <Name>Column Table</Name>
                    <AD_Language>es_CO</AD_Language>
                    <IsActive>Y</IsActive>
                    <IsTranslated>N</IsTranslated>
                </AD_Field_Trl>
            </AD_Field>
            <AD_Field type="table">
                <AD_Client_ID>0</AD_Client_ID>
                <AD_Org_ID>0</AD_Org_ID>
                <Name>Range</Name>
                <Description>The parameter is a range of values</Description>
                <Help>The Range checkbox indicates that this parameter is a range of values.</Help>
                <AD_Tab_ID reference="uuid" reference-key="AD_Tab">023c155e-0646-4f38-a303-fb3ad03e44d6</AD_Tab_ID>
                <AD_Column_ID reference="uuid" reference-key="AD_Column">c2ba93e5-3b5d-4924-9394-cf4674b9d559</AD_Column_ID>
                <IsDisplayed>Y</IsDisplayed>
                <DisplayLogic/>
                <DisplayLength>1</DisplayLength>
                <SeqNo>90</SeqNo>
                <SortNo/>
                <IsSameLine>N</IsSameLine>
                <IsHeading>N</IsHeading>
                <IsFieldOnly>N</IsFieldOnly>
                <IsEncrypted>N</IsEncrypted>
                <IsActive>Y</IsActive>
                <IsReadOnly>N</IsReadOnly>
                <IsCentrallyMaintained>Y</IsCentrallyMaintained>
                <AD_FieldGroup_ID reference="id"/>
                <EntityType>KDB</EntityType>
                <ObscureType/>
                <AD_Reference_ID reference="id"/>
                <IsMandatory/>
                <DefaultValue/>
                <AD_Reference_Value_ID reference="id"/>
                <AD_Val_Rule_ID reference="id"/>
                <Included_Tab_ID reference="id"/>
                <AD_Field_UU>e7422a5e-ae52-455f-96dc-e867e7487619</AD_Field_UU>
                <IsAllowCopy/>
                <IsDisplayedGrid>Y</IsDisplayedGrid>
                <SeqNoGrid>80</SeqNoGrid>
                <XPosition>5</XPosition>
                <ColumnSpan>2</ColumnSpan>
                <NumLines>1</NumLines>
                <IsQuickEntry>N</IsQuickEntry>
                <IsUpdateable/>
                <IsAlwaysUpdateable/>
                <MandatoryLogic/>
                <ReadOnlyLogic/>
                <IsToolbarButton/>
                <IsDefaultFocus>N</IsDefaultFocus>
                <IsAdvancedField>N</IsAdvancedField>
                <VFormat/>
                <AD_LabelStyle_ID reference="id"/>
                <AD_FieldStyle_ID reference="id"/>
                <AD_Field_Trl type="translation">
                    <Help>The Range checkbox indicates that this parameter is a range of values.</Help>
                    <Description>The parameter is a range of values</Description>
                    <Name>Range</Name>
                    <AD_Language>es_CO</AD_Language>
                    <IsActive>Y</IsActive>
                    <IsTranslated>N</IsTranslated>
                </AD_Field_Trl>
            </AD_Field>
            <AD_Field type="table">
                <AD_Client_ID>0</AD_Client_ID>
                <AD_Org_ID>0</AD_Org_ID>
                <Name>Default Logic</Name>
                <Description>Default value hierarchy, separated by ;</Description>
                <Help>The defaults are evaluated in the order of definition, the first not null value becomes the default value of the column. The values are separated by comma or semicolon. a) Literals:. 'Text' or 123 b) Variables - in format @Variable@ - Login e.g. #Date, #AD_Org_ID, #AD_Client_ID - Accounting Schema: e.g. $C_AcctSchema_ID, $C_Calendar_ID - Global defaults: e.g. DateFormat - Window values (all Picks, CheckBoxes, RadioButtons, and DateDoc/DateAcct) c) SQL code with the tag: @SQL=SELECT something AS DefaultValue FROM ... The SQL statement can contain variables.  There can be no other value other than the SQL statement. The default is only evaluated, if no user preference is defined.  Default definitions are ignored for record columns as Key, Parent, Client as well as Buttons.</Help>
                <AD_Tab_ID reference="uuid" reference-key="AD_Tab">023c155e-0646-4f38-a303-fb3ad03e44d6</AD_Tab_ID>
                <AD_Column_ID reference="uuid" reference-key="AD_Column">83353be3-0401-420c-a26f-78bbfed90d1a</AD_Column_ID>
                <IsDisplayed>Y</IsDisplayed>
                <DisplayLogic/>
                <DisplayLength>2000</DisplayLength>
                <SeqNo>100</SeqNo>
                <SortNo/>
                <IsSameLine>N</IsSameLine>
                <IsHeading>N</IsHeading>
                <IsFieldOnly>N</IsFieldOnly>
                <IsEncrypted>N</IsEncrypted>
                <IsActive>Y</IsActive>
                <IsReadOnly>N</IsReadOnly>
                <IsCentrallyMaintained>Y</IsCentrallyMaintained>
                <AD_FieldGroup_ID reference="id"/>
                <EntityType>KDB</EntityType>
                <ObscureType/>
                <AD_Reference_ID reference="id"/>
                <IsMandatory/>
                <DefaultValue/>
                <AD_Reference_Value_ID reference="id"/>
                <AD_Val_Rule_ID reference="id"/>
                <Included_Tab_ID reference="id"/>
                <AD_Field_UU>deef9570-ce94-42b3-a621-bcfdc7cb21de</AD_Field_UU>
                <IsAllowCopy/>
                <IsDisplayedGrid>Y</IsDisplayedGrid>
                <SeqNoGrid>60</SeqNoGrid>
                <XPosition>1</XPosition>
                <ColumnSpan>2</ColumnSpan>
                <NumLines>1</NumLines>
                <IsQuickEntry>N</IsQuickEntry>
                <IsUpdateable/>
                <IsAlwaysUpdateable/>
                <MandatoryLogic/>
                <ReadOnlyLogic/>
                <IsToolbarButton/>
                <IsDefaultFocus>N</IsDefaultFocus>
                <IsAdvancedField>N</IsAdvancedField>
                <VFormat/>
                <AD_LabelStyle_ID reference="id"/>
                <AD_FieldStyle_ID reference="id"/>
                <AD_Field_Trl type="translation">
                    <Help>The defaults are evaluated in the order of definition, the first not null value becomes the default value of the column. The values are separated by comma or semicolon. a) Literals:. 'Text' or 123 b) Variables - in format @Variable@ - Login e.g. #Date, #AD_Org_ID, #AD_Client_ID - Accounting Schema: e.g. $C_AcctSchema_ID, $C_Calendar_ID - Global defaults: e.g. DateFormat - Window values (all Picks, CheckBoxes, RadioButtons, and DateDoc/DateAcct) c) SQL code with the tag: @SQL=SELECT something AS DefaultValue FROM ... The SQL statement can contain variables.  There can be no other value other than the SQL statement. The default is only evaluated, if no user preference is defined.  Default definitions are ignored for record columns as Key, Parent, Client as well as Buttons.</Help>
                    <Description>Default value hierarchy, separated by ;</Description>
                    <Name>Default Logic</Name>
                    <AD_Language>es_CO</AD_Language>
                    <IsActive>Y</IsActive>
                    <IsTranslated>N</IsTranslated>
                </AD_Field_Trl>
            </AD_Field>
            <AD_Field type="table">
                <AD_Client_ID>0</AD_Client_ID>
                <AD_Org_ID>0</AD_Org_ID>
                <Name>Default Logic 2</Name>
                <Description>Default value hierarchy, separated by ;</Description>
                <Help>The defaults are evaluated in the order of definition, the first not null value becomes the default value of the column. The values are separated by comma or semicolon. a) Literals:. 'Text' or 123 b) Variables - in format @Variable@ - Login e.g. #Date, #AD_Org_ID, #AD_Client_ID - Accounting Schema: e.g. $C_AcctSchema_ID, $C_Calendar_ID - Global defaults: e.g. DateFormat - Window values (all Picks, CheckBoxes, RadioButtons, and DateDoc/DateAcct) c) SQL code with the tag: @SQL=SELECT something AS DefaultValue FROM ... The SQL statement can contain variables.  There can be no other value other than the SQL statement. The default is only evaluated, if no user preference is defined.  Default definitions are ignored for record columns as Key, Parent, Client as well as Buttons.</Help>
                <AD_Tab_ID reference="uuid" reference-key="AD_Tab">023c155e-0646-4f38-a303-fb3ad03e44d6</AD_Tab_ID>
                <AD_Column_ID reference="uuid" reference-key="AD_Column">8f94f3d4-147a-4fd1-b203-a2cdfd39441e</AD_Column_ID>
                <IsDisplayed>Y</IsDisplayed>
                <DisplayLogic>@IsRange@=Y</DisplayLogic>
                <DisplayLength>2000</DisplayLength>
                <SeqNo>110</SeqNo>
                <SortNo/>
                <IsSameLine>N</IsSameLine>
                <IsHeading>N</IsHeading>
                <IsFieldOnly>N</IsFieldOnly>
                <IsEncrypted>N</IsEncrypted>
                <IsActive>Y</IsActive>
                <IsReadOnly>N</IsReadOnly>
                <IsCentrallyMaintained>Y</IsCentrallyMaintained>
                <AD_FieldGroup_ID reference="id"/>
                <EntityType>KDB</EntityType>
                <ObscureType/>
                <AD_Reference_ID reference="id"/>
                <IsMandatory/>
                <DefaultValue/>
                <AD_Reference_Value_ID reference="id"/>
                <AD_Val_Rule_ID reference="id"/>
                <Included_Tab_ID reference="id"/>
                <AD_Field_UU>df46caa7-037d-4018-9565-813dc23c11bb</AD_Field_UU>
                <IsAllowCopy/>
                <IsDisplayedGrid>Y</IsDisplayedGrid>
                <SeqNoGrid>70</SeqNoGrid>
                <XPosition>4</XPosition>
                <ColumnSpan>2</ColumnSpan>
                <NumLines>1</NumLines>
                <IsQuickEntry>N</IsQuickEntry>
                <IsUpdateable/>
                <IsAlwaysUpdateable/>
                <MandatoryLogic/>
                <ReadOnlyLogic/>
                <IsToolbarButton/>
                <IsDefaultFocus>N</IsDefaultFocus>
                <IsAdvancedField>N</IsAdvancedField>
                <VFormat/>
                <AD_LabelStyle_ID reference="id"/>
                <AD_FieldStyle_ID reference="id"/>
                <AD_Field_Trl type="translation">
                    <Help>The defaults are evaluated in the order of definition, the first not null value becomes the default value of the column. The values are separated by comma or semicolon. a) Literals:. 'Text' or 123 b) Variables - in format @Variable@ - Login e.g. #Date, #AD_Org_ID, #AD_Client_ID - Accounting Schema: e.g. $C_AcctSchema_ID, $C_Calendar_ID - Global defaults: e.g. DateFormat - Window values (all Picks, CheckBoxes, RadioButtons, and DateDoc/DateAcct) c) SQL code with the tag: @SQL=SELECT something AS DefaultValue FROM ... The SQL statement can contain variables.  There can be no other value other than the SQL statement. The default is only evaluated, if no user preference is defined.  Default definitions are ignored for record columns as Key, Parent, Client as well as Buttons.</Help>
                    <Description>Default value hierarchy, separated by ;</Description>
                    <Name>Default Logic 2</Name>
                    <AD_Language>es_CO</AD_Language>
                    <IsActive>Y</IsActive>
                    <IsTranslated>N</IsTranslated>
                </AD_Field_Trl>
            </AD_Field>
            <AD_Field type="table">
                <AD_Client_ID>0</AD_Client_ID>
                <AD_Org_ID>0</AD_Org_ID>
                <Name>Active</Name>
                <Description>The record is active in the system</Description>
                <Help>There are two methods of making records unavailable in the system: One is to delete the record, the other is to de-activate the record. A de-activated record is not available for selection, but available for reports.
There are two reasons for de-activating and not deleting records:
(1) The system requires the record for audit purposes.
(2) The record is referenced by other records. E.g., you cannot delete a Business Partner, if there are invoices for this partner record existing. You de-activate the Business Partner and prevent that this record is used for future entries.</Help>
                <AD_Tab_ID reference="uuid" reference-key="AD_Tab">023c155e-0646-4f38-a303-fb3ad03e44d6</AD_Tab_ID>
                <AD_Column_ID reference="uuid" reference-key="AD_Column">3cb9bd78-e88f-4537-87ae-5708b9205717</AD_Column_ID>
                <IsDisplayed>Y</IsDisplayed>
                <DisplayLogic/>
                <DisplayLength>1</DisplayLength>
                <SeqNo>120</SeqNo>
                <SortNo/>
                <IsSameLine>N</IsSameLine>
                <IsHeading>N</IsHeading>
                <IsFieldOnly>N</IsFieldOnly>
                <IsEncrypted>N</IsEncrypted>
                <IsActive>Y</IsActive>
                <IsReadOnly>N</IsReadOnly>
                <IsCentrallyMaintained>Y</IsCentrallyMaintained>
                <AD_FieldGroup_ID reference="id"/>
                <EntityType>KDB</EntityType>
                <ObscureType/>
                <AD_Reference_ID reference="id"/>
                <IsMandatory/>
                <DefaultValue/>
                <AD_Reference_Value_ID reference="id"/>
                <AD_Val_Rule_ID reference="id"/>
                <Included_Tab_ID reference="id"/>
                <AD_Field_UU>04ac1020-ce17-4cb3-bc54-746f75e11ad7</AD_Field_UU>
                <IsAllowCopy/>
                <IsDisplayedGrid>Y</IsDisplayedGrid>
                <SeqNoGrid>100</SeqNoGrid>
                <XPosition>2</XPosition>
                <ColumnSpan>2</ColumnSpan>
                <NumLines>1</NumLines>
                <IsQuickEntry>N</IsQuickEntry>
                <IsUpdateable/>
                <IsAlwaysUpdateable/>
                <MandatoryLogic/>
                <ReadOnlyLogic/>
                <IsToolbarButton/>
                <IsDefaultFocus>N</IsDefaultFocus>
                <IsAdvancedField>N</IsAdvancedField>
                <VFormat/>
                <AD_LabelStyle_ID reference="id"/>
                <AD_FieldStyle_ID reference="id"/>
                <AD_Field_Trl type="translation">
                    <Help>There are two methods of making records unavailable in the system: One is to delete the record, the other is to de-activate the record. A de-activated record is not available for selection, but available for reports.
There are two reasons for de-activating and not deleting records:
(1) The system requires the record for audit purposes.
(2) The record is referenced by other records. E.g., you cannot delete a Business Partner, if there are invoices for this partner record existing. You de-activate the Business Partner and prevent that this record is used for future entries.</Help>
                    <Description>The record is active in the system</Description>
                    <Name>Active</Name>
                    <AD_Language>es_CO</AD_Language>
                    <IsActive>Y</IsActive>
                    <IsTranslated>N</IsTranslated>
                </AD_Field_Trl>
            </AD_Field>
        </AD_Tab>
    </AD_Menu>
    <AD_Message type="table">
        <AD_Client_ID>0</AD_Client_ID>
        <AD_Org_ID>0</AD_Org_ID>
        <MsgType>I</MsgType>
        <MsgText>Quick Filter</MsgText>
        <MsgTip/>
        <IsActive>Y</IsActive>
        <Value>KDB_QuickFilter</Value>
        <EntityType>KDB</EntityType>
        <AD_Message_UU>c3bb5459-2322-4ec7-9c18-1c65cc59f6f7</AD_Message_UU>
        <AD_Message_Trl type="translation">
            <MsgText>Quick Filter</MsgText>
            <MsgTip/>
            <AD_Language>es_CO</AD_Language>
            <IsActive>Y</IsActive>
            <IsTranslated>N</IsTranslated>
        </AD_Message_Trl>
    </AD_Message>
</idempiere>
