<?xml version="1.0" encoding="UTF-8"?><idempiere Name="KDB2Pack9.0.2" Version="1.2." idempiereVersion="" DataBaseVersion="" Description="" Author="" AuthorEmail="" CreatedDate="2023-08-07 15:44:57.762" UpdatedDate="2023-08-07 15:44:57.762" PackOutVersion="100" UpdateDictionary="false" Client="0-SYSTEM-System" AD_Client_UU="11237b53-9592-4af1-b3c5-afd216514b5d">
    <AD_Message type="table">
        <AD_Client_ID>0</AD_Client_ID>
        <AD_Org_ID>0</AD_Org_ID>
        <MsgType>E</MsgType>
        <MsgText>This board does not have a complete status</MsgText>
        <MsgTip/>
        <AD_Org_ID reference="id">0</AD_Org_ID>
        <IsActive>Y</IsActive>
        <Value>KDB_MissingComplete</Value>
        <EntityType>KDB</EntityType>
        <AD_Message_UU>8a57104a-9b97-47f2-a505-9fa4947dfa61</AD_Message_UU>
        <AD_Message_Trl type="translation">
            <MsgText>This board does not have a complete status</MsgText>
            <MsgTip/>
            <AD_Language>es_CO</AD_Language>
            <IsActive>Y</IsActive>
            <IsTranslated>N</IsTranslated>
        </AD_Message_Trl>
    </AD_Message>
    <AD_Message type="table">
        <AD_Client_ID>0</AD_Client_ID>
        <AD_Org_ID>0</AD_Org_ID>
        <MsgType>I</MsgType>
        <MsgText>Are you sure you want to complete all documents in this status?</MsgText>
        <MsgTip/>
        <AD_Org_ID reference="id">0</AD_Org_ID>
        <IsActive>Y</IsActive>
        <Value>KDB_CompleteAll?</Value>
        <EntityType>KDB</EntityType>
        <AD_Message_UU>50b9c603-0420-4ba0-bf70-693265b70b13</AD_Message_UU>
        <AD_Message_Trl type="translation">
            <MsgText>Are you sure you want to complete all documents in this status?</MsgText>
            <MsgTip/>
            <AD_Language>es_CO</AD_Language>
            <IsActive>Y</IsActive>
            <IsTranslated>N</IsTranslated>
        </AD_Message_Trl>
    </AD_Message>
    <AD_Message type="table">
        <AD_Client_ID>0</AD_Client_ID>
        <AD_Org_ID>0</AD_Org_ID>
        <MsgType>I</MsgType>
        <MsgText>Complete All Documents</MsgText>
        <MsgTip/>
        <AD_Org_ID reference="id">0</AD_Org_ID>
        <IsActive>Y</IsActive>
        <Value>KDB_CompleteAllProcessName</Value>
        <EntityType>KDB</EntityType>
        <AD_Message_UU>1684c03a-aaf2-4819-9ad5-ce8fa6b7a309</AD_Message_UU>
        <AD_Message_Trl type="translation">
            <MsgText>Complete All Documents</MsgText>
            <MsgTip/>
            <AD_Language>es_CO</AD_Language>
            <IsActive>Y</IsActive>
            <IsTranslated>N</IsTranslated>
        </AD_Message_Trl>
    </AD_Message>
</idempiere>
