<?xml version="1.0" encoding="UTF-8"?><idempiere Name="AD_Message" Version="1.0.0" idempiereVersion="7.1.0.qualifier" DataBaseVersion="2019-11-22" Description="" Author="System" AuthorEmail="system @ idempiere.com" CreatedDate="Thu Dec 19 17:08:39 CET 2019" UpdatedDate="Thu Dec 19 17:08:39 CET 2019" PackOutVersion="100" UpdateDictionary="false" Client="0-SYSTEM-System" AD_Client_UU="11237b53-9592-4af1-b3c5-afd216514b5d">
    <AD_Message type="table">
        <AD_Client_ID>0</AD_Client_ID>
        <AD_Org_ID>0</AD_Org_ID>
        <MsgType>E</MsgType>
        <MsgText>The data that you are trying to modify cannot be changed because there are statuses already configured for this Kanban Board.</MsgText>
        <MsgTip/>
        <IsActive>Y</IsActive>
        <Value>KDB_SaveErrorStatuses</Value>
        <EntityType>KDB</EntityType>
        <AD_Message_UU>6312b3af-8fcc-4124-9445-149470a62f88</AD_Message_UU>
        <AD_Message_Trl type="translation">
            <MsgText>Las columnas que ustes está intentando cambiar no se puede modificar ya que hay estados configurados para este Tablero Kanban.</MsgText>
            <MsgTip/>
            <AD_Language>es_CO</AD_Language>
            <IsActive>Y</IsActive>
            <IsTranslated>Y</IsTranslated>
        </AD_Message_Trl>
    </AD_Message>
</idempiere>
