<?xml version="1.0" encoding="UTF-8"?><?xml-stylesheet type="text/css" href="idempiereDocument.css"?><idempiereDocument>
    <header>2Pack_9.0.1 Package Description</header>
    <H1>Package Name:</H1>
    <packagename>2Pack_9.0.1</packagename>
    <H1>Author:</H1>
    <Name:/>
    <H1>Email Address:</H1>
    <Email/>
    <H1>Created:</H1>
    <Date>2023-07-25 09:25:31.012</Date>
    <H1>Updated:</H1>
    <Date>2023-07-27 13:43:15.365</Date>
    <H1>Description:</H1>
    <description>This 2Pack creates a new flag on Kanban Parameter Tab to define if the parameter name or field name will showed on kanban board filter</description>
    <H1>Instructions:</H1>
    <instructions/>
    <H1>Files in Package:</H1>
    <file>File: PackOut.xml</file>
    <filedirectory>Directory: \dict\</filedirectory>
    <filenotes>Notes: Contains all application/object settings for package</filenotes>
    <H1>Client:</H1>
    <Client>0-SYSTEM-System</Client>
</idempiereDocument>
