<?xml version="1.0" encoding="UTF-8"?><?xml-stylesheet type="text/css" href="idempiereDocument.css"?><idempiereDocument>
    <header>2Pack_6.1.2 Package Description</header>
    <H1>Package Name:</H1>
    <packagename>2Pack_6.1.2</packagename>
    <H1>Author:</H1>
    <Name:/>
    <H1>Email Address:</H1>
    <Email>diego.ruiz@globalqss.com</Email>
    <H1>Created:</H1>
    <Date>2019-10-02 23:02:42.937</Date>
    <H1>Updated:</H1>
    <Date>2019-10-02 23:02:42.937</Date>
    <H1>Description:</H1>
    <description>Kanban tooltip columns</description>
    <H1>Instructions:</H1>
    <instructions/>
    <H1>Files in Package:</H1>
    <file>File: PackOut.xml</file>
    <filedirectory>Directory: \dict\</filedirectory>
    <filenotes>Notes: Contains all application/object settings for package</filenotes>
    <H1>Client:</H1>
    <Client>0-SYSTEM-System</Client>
</idempiereDocument>
