<?xml version="1.0" encoding="UTF-8"?><idempiere Name="Message" Version="1.0.0" idempiereVersion="" DataBaseVersion="" Description="" Author="" AuthorEmail="" CreatedDate="2023-03-07 19:46:03.237" UpdatedDate="2023-03-07 19:46:03.237" PackOutVersion="100" UpdateDictionary="false" Client="0-SYSTEM-System" AD_Client_UU="11237b53-9592-4af1-b3c5-afd216514b5d">
    <AD_Message type="table">
        <AD_Client_ID>0</AD_Client_ID>
        <AD_Org_ID>0</AD_Org_ID>
        <MsgType>E</MsgType>
        <MsgText>To display a summary on swimlanes, both the message and the SQL fields must be filled.</MsgText>
        <MsgTip/>
        <AD_Org_ID reference="id">0</AD_Org_ID>
        <IsActive>Y</IsActive>
        <Value>KDB_SwimlaneSummaryError</Value>
        <EntityType>KDB</EntityType>
        <AD_Message_UU>9d3f633c-bfa8-4dc4-ad9f-a96aa3094469</AD_Message_UU>
        <AD_Message_Trl type="translation">
            <MsgText>To display a summary on swimlanes, both the message and the SQL fields must be filled.</MsgText>
            <MsgTip/>
            <AD_Language>es_CO</AD_Language>
            <IsActive>Y</IsActive>
            <IsTranslated>N</IsTranslated>
        </AD_Message_Trl>
    </AD_Message>
</idempiere>
