<?xml version="1.0" encoding="UTF-8"?>
<idempiere Name="KDB_ColumnSizes" Version="2.0.1" idempiereVersion="" DataBaseVersion="" Description="" Author="" AuthorEmail="" CreatedDate="2015-08-25 20:01:03.594" UpdatedDate="2015-08-25 20:12:56.349" PackOutVersion="100" UpdateDictionary="false" Client="0-SYSTEM-System" AD_Client_UU="11237b53-9592-4af1-b3c5-afd216514b5d">
    <AD_Window type="table">
        <AD_Client_ID>0</AD_Client_ID>
        <AD_Org_ID>0</AD_Org_ID>
        <Name>Kanban Board Configuration</Name>
        <Description/>
        <Help/>
        <IsActive>Y</IsActive>
        <WindowType>M</WindowType>
        <Processing>N</Processing>
        <AD_Color_ID reference="id"/>
        <AD_Image_ID reference="id"/>
        <EntityType>KDB</EntityType>
        <IsSOTrx>Y</IsSOTrx>
        <IsDefault>N</IsDefault>
        <WinHeight>0</WinHeight>
        <WinWidth>0</WinWidth>
        <IsBetaFunctionality>N</IsBetaFunctionality>
        <AD_Window_UU>6b5c2c5e-8e47-47d2-b33c-18c16e91be8c</AD_Window_UU>
        <TitleLogic/>
        <AD_Window_Trl type="translation">
            <Help/>
            <Name>Configuración de Tablero Kanban</Name>
            <Description/>
            <AD_Language>es_CO</AD_Language>
            <IsActive>Y</IsActive>
            <IsTranslated>Y</IsTranslated>
        </AD_Window_Trl>
        <AD_Table type="table">
            <AD_Client_ID>0</AD_Client_ID>
            <AD_Org_ID>0</AD_Org_ID>
            <Name>Kanban Board</Name>
            <Description/>
            <Help/>
            <AD_Window_ID reference="uuid" reference-key="AD_Window">6b5c2c5e-8e47-47d2-b33c-18c16e91be8c</AD_Window_ID>
            <AD_Val_Rule_ID reference="id"/>
            <TableName>KDB_KanbanBoard</TableName>
            <LoadSeq>0</LoadSeq>
            <AccessLevel>6</AccessLevel>
            <IsActive>Y</IsActive>
            <IsSecurityEnabled>N</IsSecurityEnabled>
            <IsDeleteable>Y</IsDeleteable>
            <IsHighVolume>N</IsHighVolume>
            <IsView>N</IsView>
            <EntityType>KDB</EntityType>
            <ImportTable>N</ImportTable>
            <IsChangeLog>Y</IsChangeLog>
            <ReplicationType>L</ReplicationType>
            <PO_Window_ID reference="id"/>
            <CopyColumnsFromTable>N</CopyColumnsFromTable>
            <IsCentrallyMaintained>Y</IsCentrallyMaintained>
            <AD_Table_UU>feeef20d-dedb-4685-9a37-ee2602200509</AD_Table_UU>
            <Processing>N</Processing>
            <DatabaseViewDrop>N</DatabaseViewDrop>
            <AD_Element type="table">
                <AD_Client_ID>0</AD_Client_ID>
                <AD_Org_ID>0</AD_Org_ID>
                <IsActive>Y</IsActive>
                <ColumnName>KDB_KanbanBoard_ID</ColumnName>
                <Name>Kanban Board</Name>
                <Description/>
                <Help/>
                <PrintName>Kanban Board</PrintName>
                <PO_Description/>
                <PO_Help/>
                <PO_Name/>
                <PO_PrintName/>
                <EntityType>KDB</EntityType>
                <AD_Element_UU>6c896ad7-61dc-4102-b9fa-c92f956c54ad</AD_Element_UU>
                <AD_Element_Trl type="translation">
                    <Help/>
                    <PO_Description/>
                    <PO_Help/>
                    <Name>Kanban Board</Name>
                    <Description/>
                    <PrintName>Kanban Board</PrintName>
                    <PO_Name/>
                    <PO_PrintName/>
                    <AD_Language>es_CO</AD_Language>
                    <IsActive>Y</IsActive>
                    <IsTranslated>N</IsTranslated>
                </AD_Element_Trl>
            </AD_Element>
            <AD_Element type="table">
                <AD_Client_ID>0</AD_Client_ID>
                <AD_Org_ID>0</AD_Org_ID>
                <IsActive>Y</IsActive>
                <ColumnName>KDB_KanbanBoard_UU</ColumnName>
                <Name>KDB_KanbanBoard_UU</Name>
                <Description/>
                <Help/>
                <PrintName>KDB_KanbanBoard_UU</PrintName>
                <PO_Description/>
                <PO_Help/>
                <PO_Name/>
                <PO_PrintName/>
                <EntityType>KDB</EntityType>
                <AD_Element_UU>446335e6-dfb8-4030-bc3c-a03c3b3981c4</AD_Element_UU>
                <AD_Element_Trl type="translation">
                    <Help/>
                    <PO_Description/>
                    <PO_Help/>
                    <Name>M_KanbanBoard_UU</Name>
                    <Description/>
                    <PrintName>M_KanbanBoard_UU</PrintName>
                    <PO_Name/>
                    <PO_PrintName/>
                    <AD_Language>es_CO</AD_Language>
                    <IsActive>Y</IsActive>
                    <IsTranslated>N</IsTranslated>
                </AD_Element_Trl>
            </AD_Element>
            <AD_Element type="table">
                <AD_Client_ID>0</AD_Client_ID>
                <AD_Org_ID>0</AD_Org_ID>
                <IsActive>Y</IsActive>
                <ColumnName>KDB_PrioritySQL</ColumnName>
                <Name>Priority SQL</Name>
                <Description/>
                <Help/>
                <PrintName>Priority SQL</PrintName>
                <PO_Description/>
                <PO_Help/>
                <PO_Name/>
                <PO_PrintName/>
                <EntityType>KDB</EntityType>
                <AD_Element_UU>52afa73b-d495-4817-8e47-609e2239cfd1</AD_Element_UU>
                <AD_Element_Trl type="translation">
                    <Help/>
                    <PO_Description/>
                    <PO_Help/>
                    <Name>Regla de Prioridad</Name>
                    <Description/>
                    <PrintName>Regla de Prioridad</PrintName>
                    <PO_Name/>
                    <PO_PrintName/>
                    <AD_Language>es_CO</AD_Language>
                    <IsActive>Y</IsActive>
                    <IsTranslated>Y</IsTranslated>
                </AD_Element_Trl>
            </AD_Element>
            <AD_Column type="table">
                <IsSyncDatabase>Y</IsSyncDatabase>
                <AD_Table_ID reference="uuid" reference-key="AD_Table">feeef20d-dedb-4685-9a37-ee2602200509</AD_Table_ID>
                <AD_Reference_Value_ID reference="id"/>
                <AD_Client_ID>0</AD_Client_ID>
                <AD_Org_ID>0</AD_Org_ID>
                <Version>0</Version>
                <Name>Priority SQL</Name>
                <Description/>
                <Help/>
                <AD_Val_Rule_ID reference="id"/>
                <ColumnName>KDB_PrioritySQL</ColumnName>
                <DefaultValue/>
                <FieldLength>4000</FieldLength>
                <IsKey>N</IsKey>
                <IsParent>N</IsParent>
                <IsMandatory>N</IsMandatory>
                <IsTranslated>N</IsTranslated>
                <IsIdentifier>N</IsIdentifier>
                <SeqNo>0</SeqNo>
                <IsEncrypted>N</IsEncrypted>
                <AD_Reference_ID reference="id">10</AD_Reference_ID>
                <IsActive>Y</IsActive>
                <VFormat/>
                <Callout/>
                <AD_Element_ID reference="uuid" reference-key="AD_Element">52afa73b-d495-4817-8e47-609e2239cfd1</AD_Element_ID>
                <IsUpdateable>Y</IsUpdateable>
                <AD_Process_ID reference="id"/>
                <ValueMin/>
                <ValueMax/>
                <IsSelectionColumn>N</IsSelectionColumn>
                <ReadOnlyLogic/>
                <EntityType>KDB</EntityType>
                <IsAlwaysUpdateable>N</IsAlwaysUpdateable>
                <ColumnSQL/>
                <MandatoryLogic/>
                <IsAutocomplete>N</IsAutocomplete>
                <IsAllowLogging>Y</IsAllowLogging>
                <FormatPattern/>
                <AD_Chart_ID reference="id"/>
                <AD_Column_UU>3c53951f-3470-4668-a472-7069e1c2cc47</AD_Column_UU>
                <IsAllowCopy>Y</IsAllowCopy>
                <SeqNoSelection>0</SeqNoSelection>
                <IsToolbarButton>N</IsToolbarButton>
                <IsSecure>N</IsSecure>
                <FKConstraintName/>
                <FKConstraintType>N</FKConstraintType>
            </AD_Column>
            <AD_Column type="table">
                <IsSyncDatabase>Y</IsSyncDatabase>
                <AD_Table_ID reference="uuid" reference-key="AD_Table">feeef20d-dedb-4685-9a37-ee2602200509</AD_Table_ID>
                <AD_Reference_Value_ID reference="id"/>
                <AD_Client_ID>0</AD_Client_ID>
                <AD_Org_ID>0</AD_Org_ID>
                <Version>0</Version>
                <Name>Sql WHERE</Name>
                <Description>Fully qualified SQL WHERE clause</Description>
                <Help>The Where Clause indicates the SQL WHERE clause to use for record selection. The WHERE clause is added to the query. Fully qualified means "tablename.columnname".</Help>
                <AD_Val_Rule_ID reference="id"/>
                <ColumnName>WhereClause</ColumnName>
                <DefaultValue/>
                <FieldLength>4000</FieldLength>
                <IsKey>N</IsKey>
                <IsParent>N</IsParent>
                <IsMandatory>N</IsMandatory>
                <IsTranslated>N</IsTranslated>
                <IsIdentifier>N</IsIdentifier>
                <SeqNo>0</SeqNo>
                <IsEncrypted>N</IsEncrypted>
                <AD_Reference_ID reference="id">10</AD_Reference_ID>
                <IsActive>Y</IsActive>
                <VFormat/>
                <Callout/>
                <AD_Element_ID reference="id">630</AD_Element_ID>
                <IsUpdateable>Y</IsUpdateable>
                <AD_Process_ID reference="id"/>
                <ValueMin/>
                <ValueMax/>
                <IsSelectionColumn>N</IsSelectionColumn>
                <ReadOnlyLogic/>
                <EntityType>KDB</EntityType>
                <IsAlwaysUpdateable>N</IsAlwaysUpdateable>
                <ColumnSQL/>
                <MandatoryLogic/>
                <IsAutocomplete>N</IsAutocomplete>
                <IsAllowLogging>Y</IsAllowLogging>
                <FormatPattern/>
                <AD_Chart_ID reference="id"/>
                <AD_Column_UU>8e1804b7-4edf-4223-bf15-c9f840dc5993</AD_Column_UU>
                <IsAllowCopy>Y</IsAllowCopy>
                <SeqNoSelection>0</SeqNoSelection>
                <IsToolbarButton>N</IsToolbarButton>
                <IsSecure>N</IsSecure>
                <FKConstraintName/>
                <FKConstraintType/>
            </AD_Column>
            <AD_Element type="table">
                <AD_Client_ID>0</AD_Client_ID>
                <AD_Org_ID>0</AD_Org_ID>
                <IsActive>Y</IsActive>
                <ColumnName>KDB_ColumnList_ID</ColumnName>
                <Name>Column List</Name>
                <Description/>
                <Help/>
                <PrintName>Column List</PrintName>
                <PO_Description/>
                <PO_Help/>
                <PO_Name/>
                <PO_PrintName/>
                <EntityType>KDB</EntityType>
                <AD_Element_UU>5e0f9629-7318-47f8-b271-4f58a176d1bc</AD_Element_UU>
                <AD_Element_Trl type="translation">
                    <Help/>
                    <PO_Description/>
                    <PO_Help/>
                    <Name>Lista de la Tabla</Name>
                    <Description/>
                    <PrintName>Lista de la Tabla</PrintName>
                    <PO_Name/>
                    <PO_PrintName/>
                    <AD_Language>es_CO</AD_Language>
                    <IsActive>Y</IsActive>
                    <IsTranslated>Y</IsTranslated>
                </AD_Element_Trl>
            </AD_Element>
            <AD_Val_Rule type="table">
                <AD_Client_ID>0</AD_Client_ID>
                <AD_Org_ID>0</AD_Org_ID>
                <Name>AD_Column in AD_Table with datatype List</Name>
                <Description>Only columns with List datatypes</Description>
                <Type>S</Type>
                <Code>AD_Column.AD_Table_ID=@AD_Table_ID@ AND AD_Column.AD_Reference_ID=17</Code>
                <IsActive>Y</IsActive>
                <EntityType>KDB</EntityType>
                <AD_Val_Rule_UU>c7f9fd96-b7bd-4dab-bd26-87afe2e5c21f</AD_Val_Rule_UU>
            </AD_Val_Rule>
            <AD_Element type="table">
                <AD_Client_ID>0</AD_Client_ID>
                <AD_Org_ID>0</AD_Org_ID>
                <IsActive>Y</IsActive>
                <ColumnName>CreateStatuses</ColumnName>
                <Name>Create Statuses</Name>
                <Description/>
                <Help/>
                <PrintName>Create Statuses</PrintName>
                <PO_Description/>
                <PO_Help/>
                <PO_Name/>
                <PO_PrintName/>
                <EntityType>KDB</EntityType>
                <AD_Element_UU>f7b2b854-d935-450c-a828-c0627fb30772</AD_Element_UU>
                <AD_Element_Trl type="translation">
                    <Help/>
                    <PO_Description/>
                    <PO_Help/>
                    <Name>Crear Estados</Name>
                    <Description/>
                    <PrintName>Crear Estados</PrintName>
                    <PO_Name/>
                    <PO_PrintName/>
                    <AD_Language>es_CO</AD_Language>
                    <IsActive>Y</IsActive>
                    <IsTranslated>Y</IsTranslated>
                </AD_Element_Trl>
            </AD_Element>
            <AD_Process type="table">
                <AD_Client_ID>0</AD_Client_ID>
                <AD_Org_ID>0</AD_Org_ID>
                <IsActive>Y</IsActive>
                <Name>Create Statuses in Kanban Board</Name>
                <Description/>
                <Help/>
                <ProcedureName/>
                <IsReport>N</IsReport>
                <Value>10000000</Value>
                <IsDirectPrint>N</IsDirectPrint>
                <AD_ReportView_ID reference="id"/>
                <Classname>org.idempiere.process.CreateStatusProcess</Classname>
                <AccessLevel>6</AccessLevel>
                <EntityType>KDB</EntityType>
                <Statistic_Count>80</Statistic_Count>
                <Statistic_Seconds>1738</Statistic_Seconds>
                <AD_PrintFormat_ID reference="id"/>
                <WorkflowValue/>
                <AD_Workflow_ID reference="id"/>
                <IsBetaFunctionality>N</IsBetaFunctionality>
                <IsServerProcess>N</IsServerProcess>
                <ShowHelp>Y</ShowHelp>
                <JasperReport/>
                <AD_Form_ID reference="id"/>
                <CopyFromProcess>N</CopyFromProcess>
                <AD_Process_UU>ff5d472c-0c68-4de4-9733-1b26a84a9410</AD_Process_UU>
                <AD_CtxHelp_ID reference="id"/>
                <AD_Process_Trl type="translation">
                    <Help/>
                    <Description/>
                    <Name>Create Statuses in Kanban Board</Name>
                    <AD_Language>es_CO</AD_Language>
                    <IsActive>Y</IsActive>
                    <IsTranslated>N</IsTranslated>
                </AD_Process_Trl>
            </AD_Process>
            <AD_Element type="table">
                <AD_Client_ID>0</AD_Client_ID>
                <AD_Org_ID>0</AD_Org_ID>
                <IsActive>Y</IsActive>
                <ColumnName>KDB_ColumnTable_ID</ColumnName>
                <Name>Column Table</Name>
                <Description/>
                <Help/>
                <PrintName>Column Table</PrintName>
                <PO_Description/>
                <PO_Help/>
                <PO_Name/>
                <PO_PrintName/>
                <EntityType>KDB</EntityType>
                <AD_Element_UU>8b8ef45e-ae5c-4467-bcca-ad48646bf8c6</AD_Element_UU>
                <AD_Element_Trl type="translation">
                    <Help/>
                    <PO_Description/>
                    <PO_Help/>
                    <Name>Columna de la Tabla</Name>
                    <Description/>
                    <PrintName>Columna de la Tabla</PrintName>
                    <PO_Name/>
                    <PO_PrintName/>
                    <AD_Language>es_CO</AD_Language>
                    <IsActive>Y</IsActive>
                    <IsTranslated>Y</IsTranslated>
                </AD_Element_Trl>
            </AD_Element>
            <AD_Val_Rule type="table">
                <AD_Client_ID>0</AD_Client_ID>
                <AD_Org_ID>0</AD_Org_ID>
                <Name>AD_Column in AD_Table with datatype Table,tabledir,search</Name>
                <Description>Only columns with table, table direct, search datatypes</Description>
                <Type>S</Type>
                <Code>AD_Column.AD_Table_ID=@AD_Table_ID@ AND AD_Column.AD_Reference_ID IN (18,19,30)</Code>
                <IsActive>Y</IsActive>
                <EntityType>KDB</EntityType>
                <AD_Val_Rule_UU>a48e589d-dd27-45f7-99ba-124e2cb5d7ae</AD_Val_Rule_UU>
            </AD_Val_Rule>
            <AD_Element type="table">
                <AD_Client_ID>0</AD_Client_ID>
                <AD_Org_ID>0</AD_Org_ID>
                <IsActive>Y</IsActive>
                <ColumnName>KDB_BackgroundColor_ID</ColumnName>
                <Name>Background Color</Name>
                <Description/>
                <Help/>
                <PrintName>Backgorund Color</PrintName>
                <PO_Description/>
                <PO_Help/>
                <PO_Name/>
                <PO_PrintName/>
                <EntityType>KDB</EntityType>
                <AD_Element_UU>45d553ce-ab74-4be1-9026-88731749e89c</AD_Element_UU>
                <AD_Element_Trl type="translation">
                    <Help/>
                    <PO_Description/>
                    <PO_Help/>
                    <Name>Color de Fondo</Name>
                    <Description/>
                    <PrintName>Color de Fondo</PrintName>
                    <PO_Name/>
                    <PO_PrintName/>
                    <AD_Language>es_CO</AD_Language>
                    <IsActive>Y</IsActive>
                    <IsTranslated>Y</IsTranslated>
                </AD_Element_Trl>
            </AD_Element>
            <AD_Element type="table">
                <AD_Client_ID>0</AD_Client_ID>
                <AD_Org_ID>0</AD_Org_ID>
                <IsActive>Y</IsActive>
                <ColumnName>KDB_KanbanCard</ColumnName>
                <Name>Kanban Card Content</Name>
                <Description/>
                <Help/>
                <PrintName>Kanban Card Content</PrintName>
                <PO_Description/>
                <PO_Help/>
                <PO_Name/>
                <PO_PrintName/>
                <EntityType>KDB</EntityType>
                <AD_Element_UU>aa30c2dc-80c1-4fd0-a83f-46006a0de200</AD_Element_UU>
                <AD_Element_Trl type="translation">
                    <Help/>
                    <PO_Description/>
                    <PO_Help/>
                    <Name>Contenido Tarjeta Kanban</Name>
                    <Description/>
                    <PrintName>Contenido Tarjeta Kanban</PrintName>
                    <PO_Name/>
                    <PO_PrintName/>
                    <AD_Language>es_CO</AD_Language>
                    <IsActive>Y</IsActive>
                    <IsTranslated>Y</IsTranslated>
                </AD_Element_Trl>
            </AD_Element>
            <AD_Column type="table">
                <IsSyncDatabase>Y</IsSyncDatabase>
                <AD_Table_ID reference="uuid" reference-key="AD_Table">feeef20d-dedb-4685-9a37-ee2602200509</AD_Table_ID>
                <AD_Reference_Value_ID reference="id"/>
                <AD_Client_ID>0</AD_Client_ID>
                <AD_Org_ID>0</AD_Org_ID>
                <Version>0</Version>
                <Name>Kanban Card Content</Name>
                <Description/>
                <Help/>
                <AD_Val_Rule_ID reference="id"/>
                <ColumnName>KDB_KanbanCard</ColumnName>
                <DefaultValue/>
                <FieldLength>4000</FieldLength>
                <IsKey>N</IsKey>
                <IsParent>N</IsParent>
                <IsMandatory>N</IsMandatory>
                <IsTranslated>Y</IsTranslated>
                <IsIdentifier>N</IsIdentifier>
                <SeqNo>0</SeqNo>
                <IsEncrypted>N</IsEncrypted>
                <AD_Reference_ID reference="id">10</AD_Reference_ID>
                <IsActive>Y</IsActive>
                <VFormat/>
                <Callout/>
                <AD_Element_ID reference="uuid" reference-key="AD_Element">aa30c2dc-80c1-4fd0-a83f-46006a0de200</AD_Element_ID>
                <IsUpdateable>Y</IsUpdateable>
                <AD_Process_ID reference="id"/>
                <ValueMin/>
                <ValueMax/>
                <IsSelectionColumn>N</IsSelectionColumn>
                <ReadOnlyLogic/>
                <EntityType>KDB</EntityType>
                <IsAlwaysUpdateable>N</IsAlwaysUpdateable>
                <ColumnSQL/>
                <MandatoryLogic/>
                <IsAutocomplete>N</IsAutocomplete>
                <IsAllowLogging>Y</IsAllowLogging>
                <FormatPattern/>
                <AD_Chart_ID reference="id"/>
                <AD_Column_UU>0287be12-e2ba-4bbd-8d11-c38ad593677a</AD_Column_UU>
                <IsAllowCopy>Y</IsAllowCopy>
                <SeqNoSelection>0</SeqNoSelection>
                <IsToolbarButton>N</IsToolbarButton>
                <IsSecure>N</IsSecure>
                <FKConstraintName/>
                <FKConstraintType/>
            </AD_Column>
            <AD_Column type="table">
                <IsSyncDatabase>Y</IsSyncDatabase>
                <AD_Table_ID reference="uuid" reference-key="AD_Table">feeef20d-dedb-4685-9a37-ee2602200509</AD_Table_ID>
                <AD_Reference_Value_ID reference="id"/>
                <AD_Client_ID>0</AD_Client_ID>
                <AD_Org_ID>0</AD_Org_ID>
                <Version>0</Version>
                <Name>Sql ORDER BY</Name>
                <Description>Fully qualified ORDER BY clause</Description>
                <Help>The ORDER BY Clause indicates the SQL ORDER BY clause to use for record selection</Help>
                <AD_Val_Rule_ID reference="id"/>
                <ColumnName>OrderByClause</ColumnName>
                <DefaultValue/>
                <FieldLength>4000</FieldLength>
                <IsKey>N</IsKey>
                <IsParent>N</IsParent>
                <IsMandatory>N</IsMandatory>
                <IsTranslated>N</IsTranslated>
                <IsIdentifier>N</IsIdentifier>
                <SeqNo>0</SeqNo>
                <IsEncrypted>N</IsEncrypted>
                <AD_Reference_ID reference="id">10</AD_Reference_ID>
                <IsActive>Y</IsActive>
                <VFormat/>
                <Callout/>
                <AD_Element_ID reference="id">475</AD_Element_ID>
                <IsUpdateable>Y</IsUpdateable>
                <AD_Process_ID reference="id"/>
                <ValueMin/>
                <ValueMax/>
                <IsSelectionColumn>N</IsSelectionColumn>
                <ReadOnlyLogic/>
                <EntityType>KDB</EntityType>
                <IsAlwaysUpdateable>N</IsAlwaysUpdateable>
                <ColumnSQL/>
                <MandatoryLogic/>
                <IsAutocomplete>N</IsAutocomplete>
                <IsAllowLogging>Y</IsAllowLogging>
                <FormatPattern/>
                <AD_Chart_ID reference="id"/>
                <AD_Column_UU>e522f221-21a4-4909-9bc4-95f9bfeb8c2c</AD_Column_UU>
                <IsAllowCopy>Y</IsAllowCopy>
                <SeqNoSelection>0</SeqNoSelection>
                <IsToolbarButton>N</IsToolbarButton>
                <IsSecure>N</IsSecure>
                <FKConstraintName/>
                <FKConstraintType>N</FKConstraintType>
            </AD_Column>
            <AD_Element type="table">
                <AD_Client_ID>0</AD_Client_ID>
                <AD_Org_ID>0</AD_Org_ID>
                <IsActive>Y</IsActive>
                <ColumnName>KDB_SummarySQL</ColumnName>
                <Name>Summary SQL</Name>
                <Description>Defines the SQL code that sets the summary that is set on every state of the Kanban Board</Description>
                <Help>SQL code with the tag: @SQL=SELECT something1, something1, something3 ...FROM ... WHERE. The SQL statement can contain the @KanbanStatus@ variable that defines that the query will be different for each status. in the FROM clause don't use an alias for the main table.</Help>
                <PrintName>Summary SQL</PrintName>
                <PO_Description/>
                <PO_Help/>
                <PO_Name/>
                <PO_PrintName/>
                <EntityType>KDB</EntityType>
                <AD_Element_UU>8c1b08d4-f399-49e9-bde0-f83cd17ec3ed</AD_Element_UU>
                <AD_Element_Trl type="translation">
                    <Help>SQL code with the tag: @SQL=SELECT something1, something1, something3 ...FROM ... WHERE. The SQL statement can contain the @KanbanStatus@ variable that defines that the query will be different for each status. in the FROM clause don't use an alias for the main table.</Help>
                    <PO_Description/>
                    <PO_Help/>
                    <Name>Summary SQL</Name>
                    <Description>Defines the SQL code that sets the summary that is set on every state of the Kanban Board</Description>
                    <PrintName>Summary SQL</PrintName>
                    <PO_Name/>
                    <PO_PrintName/>
                    <AD_Language>es_CO</AD_Language>
                    <IsActive>Y</IsActive>
                    <IsTranslated>N</IsTranslated>
                </AD_Element_Trl>
            </AD_Element>
            <AD_Column type="table">
                <IsSyncDatabase>Y</IsSyncDatabase>
                <AD_Table_ID reference="uuid" reference-key="AD_Table">feeef20d-dedb-4685-9a37-ee2602200509</AD_Table_ID>
                <AD_Reference_Value_ID reference="id"/>
                <AD_Client_ID>0</AD_Client_ID>
                <AD_Org_ID>0</AD_Org_ID>
                <Version>0</Version>
                <Name>Summary SQL</Name>
                <Description>Defines the SQL code that sets the summary that is set on every state of the Kanban Board</Description>
                <Help>SQL code with the tag: @SQL=SELECT something1, something1, something3 ...FROM ... WHERE. The SQL statement can contain the @KanbanStatus@ variable that defines that the query will be different for each status. in the FROM clause don't use an alias for the main table.</Help>
                <AD_Val_Rule_ID reference="id"/>
                <ColumnName>KDB_SummarySQL</ColumnName>
                <DefaultValue/>
                <FieldLength>4000</FieldLength>
                <IsKey>N</IsKey>
                <IsParent>N</IsParent>
                <IsMandatory>N</IsMandatory>
                <IsTranslated>N</IsTranslated>
                <IsIdentifier>N</IsIdentifier>
                <SeqNo>0</SeqNo>
                <IsEncrypted>N</IsEncrypted>
                <AD_Reference_ID reference="id">10</AD_Reference_ID>
                <IsActive>Y</IsActive>
                <VFormat/>
                <Callout/>
                <AD_Element_ID reference="uuid" reference-key="AD_Element">8c1b08d4-f399-49e9-bde0-f83cd17ec3ed</AD_Element_ID>
                <IsUpdateable>Y</IsUpdateable>
                <AD_Process_ID reference="id"/>
                <ValueMin/>
                <ValueMax/>
                <IsSelectionColumn>N</IsSelectionColumn>
                <ReadOnlyLogic/>
                <EntityType>KDB</EntityType>
                <IsAlwaysUpdateable>N</IsAlwaysUpdateable>
                <ColumnSQL/>
                <MandatoryLogic/>
                <IsAutocomplete>N</IsAutocomplete>
                <IsAllowLogging>Y</IsAllowLogging>
                <FormatPattern/>
                <AD_Chart_ID reference="id"/>
                <AD_Column_UU>182648c5-9236-499e-a18f-ca62e8084fde</AD_Column_UU>
                <IsAllowCopy>Y</IsAllowCopy>
                <SeqNoSelection>0</SeqNoSelection>
                <IsToolbarButton>N</IsToolbarButton>
                <IsSecure>N</IsSecure>
                <FKConstraintName/>
                <FKConstraintType/>
            </AD_Column>
        </AD_Table>
        <AD_Tab type="table">
            <AD_Client_ID>0</AD_Client_ID>
            <AD_Org_ID>0</AD_Org_ID>
            <Name>Board</Name>
            <Description/>
            <Help/>
            <AD_Window_ID reference="uuid" reference-key="AD_Window">6b5c2c5e-8e47-47d2-b33c-18c16e91be8c</AD_Window_ID>
            <SeqNo>10</SeqNo>
            <IsSingleRow>Y</IsSingleRow>
            <AD_Table_ID reference="uuid" reference-key="AD_Table">feeef20d-dedb-4685-9a37-ee2602200509</AD_Table_ID>
            <IsActive>Y</IsActive>
            <HasTree>N</HasTree>
            <IsInfoTab>N</IsInfoTab>
            <IsTranslationTab>N</IsTranslationTab>
            <IsReadOnly>N</IsReadOnly>
            <AD_Column_ID reference="id"/>
            <WhereClause/>
            <OrderByClause/>
            <CommitWarning/>
            <AD_Process_ID reference="id"/>
            <Processing>N</Processing>
            <AD_Image_ID reference="id"/>
            <ImportFields>N</ImportFields>
            <TabLevel>0</TabLevel>
            <IsSortTab>N</IsSortTab>
            <AD_ColumnSortYesNo_ID reference="id"/>
            <AD_ColumnSortOrder_ID reference="id"/>
            <EntityType>KDB</EntityType>
            <Included_Tab_ID reference="id"/>
            <ReadOnlyLogic/>
            <DisplayLogic/>
            <IsInsertRecord>Y</IsInsertRecord>
            <IsAdvancedTab>N</IsAdvancedTab>
            <Parent_Column_ID reference="id"/>
            <AD_Tab_UU>0a854af7-df7f-4241-80cb-e3b8d8343797</AD_Tab_UU>
            <AD_CtxHelp_ID reference="id"/>
            <TreeDisplayedOn>B</TreeDisplayedOn>
            <AD_Tab_Trl type="translation">
                <Help/>
                <CommitWarning/>
                <Name>Tablero</Name>
                <Description/>
                <AD_Language>es_CO</AD_Language>
                <IsActive>Y</IsActive>
                <IsTranslated>Y</IsTranslated>
            </AD_Tab_Trl>
            <AD_Field type="table">
                <AD_Client_ID>0</AD_Client_ID>
                <AD_Org_ID>0</AD_Org_ID>
                <Name>Priority SQL</Name>
                <Description/>
                <Help/>
                <AD_Tab_ID reference="uuid" reference-key="AD_Tab">0a854af7-df7f-4241-80cb-e3b8d8343797</AD_Tab_ID>
                <AD_Column_ID reference="uuid" reference-key="AD_Column">3c53951f-3470-4668-a472-7069e1c2cc47</AD_Column_ID>
                <IsDisplayed>Y</IsDisplayed>
                <DisplayLogic/>
                <DisplayLength>200</DisplayLength>
                <SeqNo>70</SeqNo>
                <SortNo/>
                <IsSameLine>N</IsSameLine>
                <IsHeading>N</IsHeading>
                <IsFieldOnly>N</IsFieldOnly>
                <IsEncrypted>N</IsEncrypted>
                <IsActive>Y</IsActive>
                <IsReadOnly>N</IsReadOnly>
                <IsCentrallyMaintained>Y</IsCentrallyMaintained>
                <AD_FieldGroup_ID reference="id"/>
                <EntityType>U</EntityType>
                <ObscureType/>
                <AD_Reference_ID reference="id"/>
                <IsMandatory/>
                <DefaultValue/>
                <AD_Reference_Value_ID reference="id"/>
                <AD_Val_Rule_ID reference="id"/>
                <Included_Tab_ID reference="id"/>
                <AD_Field_UU>17614bc7-947f-476b-87d2-c1d55b1a7762</AD_Field_UU>
                <IsAllowCopy/>
                <IsDisplayedGrid>Y</IsDisplayedGrid>
                <SeqNoGrid>70</SeqNoGrid>
                <XPosition>1</XPosition>
                <ColumnSpan>5</ColumnSpan>
                <NumLines>2</NumLines>
                <IsQuickEntry>N</IsQuickEntry>
                <IsUpdateable/>
                <IsAlwaysUpdateable/>
                <MandatoryLogic/>
                <ReadOnlyLogic/>
                <IsToolbarButton/>
                <IsDefaultFocus>N</IsDefaultFocus>
                <IsAdvancedField>Y</IsAdvancedField>
                <AD_Field_Trl type="translation">
                    <Help/>
                    <Description/>
                    <Name>Regla de Prioridad</Name>
                    <AD_Language>es_CO</AD_Language>
                    <IsActive>Y</IsActive>
                    <IsTranslated>Y</IsTranslated>
                </AD_Field_Trl>
            </AD_Field>
            <AD_Field type="table">
                <AD_Client_ID>0</AD_Client_ID>
                <AD_Org_ID>0</AD_Org_ID>
                <Name>Sql ORDER BY</Name>
                <Description>Fully qualified ORDER BY clause</Description>
                <Help>The ORDER BY Clause indicates the SQL ORDER BY clause to use for record selection</Help>
                <AD_Tab_ID reference="uuid" reference-key="AD_Tab">0a854af7-df7f-4241-80cb-e3b8d8343797</AD_Tab_ID>
                <AD_Column_ID reference="uuid" reference-key="AD_Column">e522f221-21a4-4909-9bc4-95f9bfeb8c2c</AD_Column_ID>
                <IsDisplayed>Y</IsDisplayed>
                <DisplayLogic/>
                <DisplayLength>2000</DisplayLength>
                <SeqNo>80</SeqNo>
                <SortNo/>
                <IsSameLine>N</IsSameLine>
                <IsHeading>N</IsHeading>
                <IsFieldOnly>N</IsFieldOnly>
                <IsEncrypted>N</IsEncrypted>
                <IsActive>Y</IsActive>
                <IsReadOnly>N</IsReadOnly>
                <IsCentrallyMaintained>Y</IsCentrallyMaintained>
                <AD_FieldGroup_ID reference="id"/>
                <EntityType>KDB</EntityType>
                <ObscureType/>
                <AD_Reference_ID reference="id"/>
                <IsMandatory/>
                <DefaultValue/>
                <AD_Reference_Value_ID reference="id"/>
                <AD_Val_Rule_ID reference="id"/>
                <Included_Tab_ID reference="id"/>
                <AD_Field_UU>00fa0b58-dae5-4f95-b5f7-e9fc725e4655</AD_Field_UU>
                <IsAllowCopy/>
                <IsDisplayedGrid>Y</IsDisplayedGrid>
                <SeqNoGrid>160</SeqNoGrid>
                <XPosition>1</XPosition>
                <ColumnSpan>5</ColumnSpan>
                <NumLines>2</NumLines>
                <IsQuickEntry>N</IsQuickEntry>
                <IsUpdateable/>
                <IsAlwaysUpdateable/>
                <MandatoryLogic/>
                <ReadOnlyLogic/>
                <IsToolbarButton/>
                <IsDefaultFocus>N</IsDefaultFocus>
                <IsAdvancedField>Y</IsAdvancedField>
                <AD_Field_Trl type="translation">
                    <Help>The ORDER BY Clause indicates the SQL ORDER BY clause to use for record selection</Help>
                    <Description>Fully qualified ORDER BY clause</Description>
                    <Name>Sql ORDER BY</Name>
                    <AD_Language>es_CO</AD_Language>
                    <IsActive>Y</IsActive>
                    <IsTranslated>N</IsTranslated>
                </AD_Field_Trl>
            </AD_Field>
        </AD_Tab>
        <AD_Table type="table">
            <AD_Client_ID>0</AD_Client_ID>
            <AD_Org_ID>0</AD_Org_ID>
            <Name>Kanban Status</Name>
            <Description/>
            <Help/>
            <AD_Window_ID reference="uuid" reference-key="AD_Window">6b5c2c5e-8e47-47d2-b33c-18c16e91be8c</AD_Window_ID>
            <AD_Val_Rule_ID reference="id"/>
            <TableName>KDB_KanbanStatus</TableName>
            <LoadSeq>0</LoadSeq>
            <AccessLevel>6</AccessLevel>
            <IsActive>Y</IsActive>
            <IsSecurityEnabled>N</IsSecurityEnabled>
            <IsDeleteable>Y</IsDeleteable>
            <IsHighVolume>N</IsHighVolume>
            <IsView>N</IsView>
            <EntityType>KDB</EntityType>
            <ImportTable>N</ImportTable>
            <IsChangeLog>Y</IsChangeLog>
            <ReplicationType>L</ReplicationType>
            <PO_Window_ID reference="id"/>
            <CopyColumnsFromTable>N</CopyColumnsFromTable>
            <IsCentrallyMaintained>Y</IsCentrallyMaintained>
            <AD_Table_UU>91f6d602-517a-411a-ba01-89a762ddd5de</AD_Table_UU>
            <Processing>N</Processing>
            <DatabaseViewDrop>N</DatabaseViewDrop>
            <AD_Element type="table">
                <AD_Client_ID>0</AD_Client_ID>
                <AD_Org_ID>0</AD_Org_ID>
                <IsActive>Y</IsActive>
                <ColumnName>KDB_KanbanStatus_ID</ColumnName>
                <Name>Kanban Status</Name>
                <Description/>
                <Help/>
                <PrintName>Kanban Status</PrintName>
                <PO_Description/>
                <PO_Help/>
                <PO_Name/>
                <PO_PrintName/>
                <EntityType>KDB</EntityType>
                <AD_Element_UU>003282ef-446b-4e31-94b4-4b67780ed907</AD_Element_UU>
                <AD_Element_Trl type="translation">
                    <Help/>
                    <PO_Description/>
                    <PO_Help/>
                    <Name>Kanban Status</Name>
                    <Description/>
                    <PrintName>Kanban Status</PrintName>
                    <PO_Name/>
                    <PO_PrintName/>
                    <AD_Language>es_CO</AD_Language>
                    <IsActive>Y</IsActive>
                    <IsTranslated>N</IsTranslated>
                </AD_Element_Trl>
            </AD_Element>
            <AD_Element type="table">
                <AD_Client_ID>0</AD_Client_ID>
                <AD_Org_ID>0</AD_Org_ID>
                <IsActive>Y</IsActive>
                <ColumnName>KDB_KanbanStatus_UU</ColumnName>
                <Name>KDB_KanbanStatus_UU</Name>
                <Description/>
                <Help/>
                <PrintName>KDB_KanbanStatus_UU</PrintName>
                <PO_Description/>
                <PO_Help/>
                <PO_Name/>
                <PO_PrintName/>
                <EntityType>KDB</EntityType>
                <AD_Element_UU>9d4d244b-bc23-407c-9673-77500e1d8967</AD_Element_UU>
                <AD_Element_Trl type="translation">
                    <Help/>
                    <PO_Description/>
                    <PO_Help/>
                    <Name>KDB_KanbanStatus_UU</Name>
                    <Description/>
                    <PrintName>KDB_KanbanStatus_UU</PrintName>
                    <PO_Name/>
                    <PO_PrintName/>
                    <AD_Language>es_CO</AD_Language>
                    <IsActive>Y</IsActive>
                    <IsTranslated>N</IsTranslated>
                </AD_Element_Trl>
            </AD_Element>
            <AD_Element type="table">
                <AD_Client_ID>0</AD_Client_ID>
                <AD_Org_ID>0</AD_Org_ID>
                <IsActive>Y</IsActive>
                <ColumnName>StatusAlias</ColumnName>
                <Name>Status Alias</Name>
                <Description/>
                <Help/>
                <PrintName>Status Alias</PrintName>
                <PO_Description/>
                <PO_Help/>
                <PO_Name/>
                <PO_PrintName/>
                <EntityType>KDB</EntityType>
                <AD_Element_UU>97b61649-4534-4d4a-a3ee-51e70ce64d26</AD_Element_UU>
                <AD_Element_Trl type="translation">
                    <Help/>
                    <PO_Description/>
                    <PO_Help/>
                    <Name>Alias del Estado</Name>
                    <Description/>
                    <PrintName>Alias del Estado</PrintName>
                    <PO_Name/>
                    <PO_PrintName/>
                    <AD_Language>es_CO</AD_Language>
                    <IsActive>Y</IsActive>
                    <IsTranslated>Y</IsTranslated>
                </AD_Element_Trl>
            </AD_Element>
            <AD_Element type="table">
                <AD_Client_ID>0</AD_Client_ID>
                <AD_Org_ID>0</AD_Org_ID>
                <IsActive>Y</IsActive>
                <ColumnName>MaxNumberCards</ColumnName>
                <Name>Max Number Cards</Name>
                <Description>Maximum number of cards in an spececific status</Description>
                <Help/>
                <PrintName>Max Number Cards</PrintName>
                <PO_Description/>
                <PO_Help/>
                <PO_Name/>
                <PO_PrintName/>
                <EntityType>KDB</EntityType>
                <AD_Element_UU>395d70a6-035c-4804-8456-fce95b114989</AD_Element_UU>
                <AD_Element_Trl type="translation">
                    <Help/>
                    <PO_Description/>
                    <PO_Help/>
                    <Name>Máximo Numero de Tarjetas</Name>
                    <Description>Máximo número de tarjetas en el estado</Description>
                    <PrintName>Máximo Numero de Tarjetas</PrintName>
                    <PO_Name/>
                    <PO_PrintName/>
                    <AD_Language>es_CO</AD_Language>
                    <IsActive>Y</IsActive>
                    <IsTranslated>Y</IsTranslated>
                </AD_Element_Trl>
            </AD_Element>
            <AD_Element type="table">
                <AD_Client_ID>0</AD_Client_ID>
                <AD_Org_ID>0</AD_Org_ID>
                <IsActive>Y</IsActive>
                <ColumnName>IsShowOver</ColumnName>
                <Name>Is Show Over</Name>
                <Description>It determines if a status shows more cards than the max number allowed</Description>
                <Help/>
                <PrintName>Is Show Over</PrintName>
                <PO_Description/>
                <PO_Help/>
                <PO_Name/>
                <PO_PrintName/>
                <EntityType>KDB</EntityType>
                <AD_Element_UU>6f804b47-8f5e-4248-a300-2886cb61f909</AD_Element_UU>
                <AD_Element_Trl type="translation">
                    <Help/>
                    <PO_Description/>
                    <PO_Help/>
                    <Name>Muestra extras</Name>
                    <Description>Determina si un estado muestra mas tarjetas de las permitidas</Description>
                    <PrintName>Muestra extras</PrintName>
                    <PO_Name/>
                    <PO_PrintName/>
                    <AD_Language>es_CO</AD_Language>
                    <IsActive>Y</IsActive>
                    <IsTranslated>Y</IsTranslated>
                </AD_Element_Trl>
            </AD_Element>
            <AD_Element type="table">
                <AD_Client_ID>0</AD_Client_ID>
                <AD_Org_ID>0</AD_Org_ID>
                <IsActive>Y</IsActive>
                <ColumnName>KDB_StatusTableID</ColumnName>
                <Name>Kanban Status Table ID</Name>
                <Description>Is the reference to the ID of the table that defines the statuses</Description>
                <Help/>
                <PrintName>Table</PrintName>
                <PO_Description/>
                <PO_Help/>
                <PO_Name/>
                <PO_PrintName/>
                <EntityType>KDB</EntityType>
                <AD_Element_UU>bcc9fda1-7424-401b-acc9-8a2a9a61e428</AD_Element_UU>
                <AD_Element_Trl type="translation">
                    <Help/>
                    <PO_Description/>
                    <PO_Help/>
                    <Name>Kanban Status Table ID</Name>
                    <Description>Is the reference to the ID of the table that defines the statuses</Description>
                    <PrintName>Table</PrintName>
                    <PO_Name/>
                    <PO_PrintName/>
                    <AD_Language>es_CO</AD_Language>
                    <IsActive>Y</IsActive>
                    <IsTranslated>N</IsTranslated>
                </AD_Element_Trl>
            </AD_Element>
            <AD_Element type="table">
                <AD_Client_ID>0</AD_Client_ID>
                <AD_Org_ID>0</AD_Org_ID>
                <IsActive>Y</IsActive>
                <ColumnName>KDB_StatusListValue</ColumnName>
                <Name>Status Ref List Value</Name>
                <Description>It shows the value of the reference list that represents the statuses</Description>
                <Help/>
                <PrintName>Status Reference List Value</PrintName>
                <PO_Description/>
                <PO_Help/>
                <PO_Name/>
                <PO_PrintName/>
                <EntityType>KDB</EntityType>
                <AD_Element_UU>09a24c48-e400-4a5c-aa0c-11cd6eceebcb</AD_Element_UU>
                <AD_Element_Trl type="translation">
                    <Help/>
                    <PO_Description/>
                    <PO_Help/>
                    <Name>Status Ref List Value</Name>
                    <Description>It shows the value of the reference list that represents the statuses</Description>
                    <PrintName>Status Reference List Value</PrintName>
                    <PO_Name/>
                    <PO_PrintName/>
                    <AD_Language>es_CO</AD_Language>
                    <IsActive>Y</IsActive>
                    <IsTranslated>N</IsTranslated>
                </AD_Element_Trl>
            </AD_Element>
        </AD_Table>
        <AD_Tab type="table">
            <AD_Client_ID>0</AD_Client_ID>
            <AD_Org_ID>0</AD_Org_ID>
            <Name>Status</Name>
            <Description>Kanban Board Status</Description>
            <Help/>
            <AD_Window_ID reference="uuid" reference-key="AD_Window">6b5c2c5e-8e47-47d2-b33c-18c16e91be8c</AD_Window_ID>
            <SeqNo>20</SeqNo>
            <IsSingleRow>Y</IsSingleRow>
            <AD_Table_ID reference="uuid" reference-key="AD_Table">91f6d602-517a-411a-ba01-89a762ddd5de</AD_Table_ID>
            <IsActive>Y</IsActive>
            <HasTree>N</HasTree>
            <IsInfoTab>N</IsInfoTab>
            <IsTranslationTab>N</IsTranslationTab>
            <IsReadOnly>N</IsReadOnly>
            <AD_Column_ID reference="uuid" reference-key="AD_Column">daaf6b29-f1d5-4980-97b4-d33926aa56b4</AD_Column_ID>
            <WhereClause/>
            <OrderByClause>SeqNo</OrderByClause>
            <CommitWarning/>
            <AD_Process_ID reference="id"/>
            <Processing>N</Processing>
            <AD_Image_ID reference="id"/>
            <ImportFields>N</ImportFields>
            <TabLevel>1</TabLevel>
            <IsSortTab>N</IsSortTab>
            <AD_ColumnSortYesNo_ID reference="id"/>
            <AD_ColumnSortOrder_ID reference="id"/>
            <EntityType>KDB</EntityType>
            <Included_Tab_ID reference="id"/>
            <ReadOnlyLogic/>
            <DisplayLogic/>
            <IsInsertRecord>Y</IsInsertRecord>
            <IsAdvancedTab>N</IsAdvancedTab>
            <Parent_Column_ID reference="id"/>
            <AD_Tab_UU>6ca11cc6-cf6d-49a1-b714-642d0d46ef24</AD_Tab_UU>
            <AD_CtxHelp_ID reference="id"/>
            <TreeDisplayedOn>B</TreeDisplayedOn>
            <AD_Tab_Trl type="translation">
                <Help/>
                <CommitWarning/>
                <Name>Estado</Name>
                <Description>Estados del Tablero Kanban</Description>
                <AD_Language>es_CO</AD_Language>
                <IsActive>Y</IsActive>
                <IsTranslated>Y</IsTranslated>
            </AD_Tab_Trl>
        </AD_Tab>
        <AD_Table type="table">
            <AD_Client_ID>0</AD_Client_ID>
            <AD_Org_ID>0</AD_Org_ID>
            <Name>Kanban Board Control Access</Name>
            <Description/>
            <Help/>
            <AD_Window_ID reference="uuid" reference-key="AD_Window">6b5c2c5e-8e47-47d2-b33c-18c16e91be8c</AD_Window_ID>
            <AD_Val_Rule_ID reference="id"/>
            <TableName>KDB_KanbanControlAccess</TableName>
            <LoadSeq>0</LoadSeq>
            <AccessLevel>6</AccessLevel>
            <IsActive>Y</IsActive>
            <IsSecurityEnabled>N</IsSecurityEnabled>
            <IsDeleteable>Y</IsDeleteable>
            <IsHighVolume>N</IsHighVolume>
            <IsView>N</IsView>
            <EntityType>KDB</EntityType>
            <ImportTable>N</ImportTable>
            <IsChangeLog>N</IsChangeLog>
            <ReplicationType>L</ReplicationType>
            <PO_Window_ID reference="id"/>
            <CopyColumnsFromTable>N</CopyColumnsFromTable>
            <IsCentrallyMaintained>Y</IsCentrallyMaintained>
            <AD_Table_UU>ceed01d7-933c-4f4a-9f46-ae0709638920</AD_Table_UU>
            <Processing>N</Processing>
            <DatabaseViewDrop>N</DatabaseViewDrop>
            <AD_Element type="table">
                <AD_Client_ID>0</AD_Client_ID>
                <AD_Org_ID>0</AD_Org_ID>
                <IsActive>Y</IsActive>
                <ColumnName>KDB_KanbanControlAccess_UU</ColumnName>
                <Name>KDB_KanbanControlAccess_UU</Name>
                <Description/>
                <Help/>
                <PrintName>KDB_KanbanControlAccess_UU</PrintName>
                <PO_Description/>
                <PO_Help/>
                <PO_Name/>
                <PO_PrintName/>
                <EntityType>KDB</EntityType>
                <AD_Element_UU>1b753862-74bc-4323-98b2-60d2c26ad38f</AD_Element_UU>
                <AD_Element_Trl type="translation">
                    <Help/>
                    <PO_Description/>
                    <PO_Help/>
                    <Name>KDB_KanbanBoardControlAccess_UU</Name>
                    <Description/>
                    <PrintName>KDB_KanbanBoardControlAccess_UU</PrintName>
                    <PO_Name/>
                    <PO_PrintName/>
                    <AD_Language>es_CO</AD_Language>
                    <IsActive>Y</IsActive>
                    <IsTranslated>N</IsTranslated>
                </AD_Element_Trl>
            </AD_Element>
            <AD_TableIndex type="table">
                <AD_Client_ID>0</AD_Client_ID>
                <AD_Org_ID>0</AD_Org_ID>
                <AD_TableIndex_UU>06a5d8ff-c0ec-419f-bf73-8e32088b6ac9</AD_TableIndex_UU>
                <Description/>
                <EntityType>KDB</EntityType>
                <IsActive>Y</IsActive>
                <Name>KDB_KanbanBoardControlAcc_key</Name>
                <AD_Table_ID reference="uuid" reference-key="AD_Table">ceed01d7-933c-4f4a-9f46-ae0709638920</AD_Table_ID>
                <Help/>
                <IsCreateConstraint>Y</IsCreateConstraint>
                <IsUnique>Y</IsUnique>
                <Processing>N</Processing>
                <AD_Message_ID reference="id"/>
                <TableIndexDrop>N</TableIndexDrop>
                <IsKey>Y</IsKey>
                <AD_IndexColumn type="table">
                    <AD_Client_ID>0</AD_Client_ID>
                    <AD_Org_ID>0</AD_Org_ID>
                    <AD_IndexColumn_UU>e88bda84-f543-4406-9243-26963621637d</AD_IndexColumn_UU>
                    <EntityType>KDB</EntityType>
                    <IsActive>Y</IsActive>
                    <AD_Column_ID reference="uuid" reference-key="AD_Column">d26aefc1-2906-4a75-bdc4-c08a06716c40</AD_Column_ID>
                    <AD_TableIndex_ID reference="uuid" reference-key="AD_TableIndex">06a5d8ff-c0ec-419f-bf73-8e32088b6ac9</AD_TableIndex_ID>
                    <ColumnSQL/>
                    <SeqNo>1</SeqNo>
                </AD_IndexColumn>
                <AD_IndexColumn type="table">
                    <AD_Client_ID>0</AD_Client_ID>
                    <AD_Org_ID>0</AD_Org_ID>
                    <AD_IndexColumn_UU>2e843a36-dba6-4a01-90e8-5038eefd6dd9</AD_IndexColumn_UU>
                    <EntityType>KDB</EntityType>
                    <IsActive>Y</IsActive>
                    <AD_Column_ID reference="uuid" reference-key="AD_Column">5b818424-24d5-4113-8542-78b2d1998027</AD_Column_ID>
                    <AD_TableIndex_ID reference="uuid" reference-key="AD_TableIndex">06a5d8ff-c0ec-419f-bf73-8e32088b6ac9</AD_TableIndex_ID>
                    <ColumnSQL/>
                    <SeqNo>2</SeqNo>
                </AD_IndexColumn>
            </AD_TableIndex>
        </AD_Table>
        <AD_Tab type="table">
            <AD_Client_ID>0</AD_Client_ID>
            <AD_Org_ID>0</AD_Org_ID>
            <Name>Kanban Board Control Access</Name>
            <Description/>
            <Help/>
            <AD_Window_ID reference="uuid" reference-key="AD_Window">6b5c2c5e-8e47-47d2-b33c-18c16e91be8c</AD_Window_ID>
            <SeqNo>30</SeqNo>
            <IsSingleRow>Y</IsSingleRow>
            <AD_Table_ID reference="uuid" reference-key="AD_Table">ceed01d7-933c-4f4a-9f46-ae0709638920</AD_Table_ID>
            <IsActive>Y</IsActive>
            <HasTree>N</HasTree>
            <IsInfoTab>N</IsInfoTab>
            <IsTranslationTab>N</IsTranslationTab>
            <IsReadOnly>N</IsReadOnly>
            <AD_Column_ID reference="uuid" reference-key="AD_Column">5b818424-24d5-4113-8542-78b2d1998027</AD_Column_ID>
            <WhereClause/>
            <OrderByClause/>
            <CommitWarning/>
            <AD_Process_ID reference="id"/>
            <Processing>N</Processing>
            <AD_Image_ID reference="id"/>
            <ImportFields>N</ImportFields>
            <TabLevel>1</TabLevel>
            <IsSortTab>N</IsSortTab>
            <AD_ColumnSortYesNo_ID reference="id"/>
            <AD_ColumnSortOrder_ID reference="id"/>
            <EntityType>KDB</EntityType>
            <Included_Tab_ID reference="id"/>
            <ReadOnlyLogic/>
            <DisplayLogic/>
            <IsInsertRecord>Y</IsInsertRecord>
            <IsAdvancedTab>N</IsAdvancedTab>
            <Parent_Column_ID reference="id"/>
            <AD_Tab_UU>046f909d-0b16-4d8c-ad59-4f08810a9a16</AD_Tab_UU>
            <AD_CtxHelp_ID reference="id"/>
            <TreeDisplayedOn>B</TreeDisplayedOn>
            <AD_Tab_Trl type="translation">
                <Help/>
                <CommitWarning/>
                <Name>Control de Acceso del Tablero Kanban</Name>
                <Description/>
                <AD_Language>es_CO</AD_Language>
                <IsActive>Y</IsActive>
                <IsTranslated>Y</IsTranslated>
            </AD_Tab_Trl>
        </AD_Tab>
        <AD_Table type="table">
            <AD_Client_ID>0</AD_Client_ID>
            <AD_Org_ID>0</AD_Org_ID>
            <Name>Kanban Priority</Name>
            <Description/>
            <Help/>
            <AD_Window_ID reference="uuid" reference-key="AD_Window">6b5c2c5e-8e47-47d2-b33c-18c16e91be8c</AD_Window_ID>
            <AD_Val_Rule_ID reference="id"/>
            <TableName>KDB_KanbanPriority</TableName>
            <LoadSeq>0</LoadSeq>
            <AccessLevel>6</AccessLevel>
            <IsActive>Y</IsActive>
            <IsSecurityEnabled>N</IsSecurityEnabled>
            <IsDeleteable>Y</IsDeleteable>
            <IsHighVolume>N</IsHighVolume>
            <IsView>N</IsView>
            <EntityType>KDB</EntityType>
            <ImportTable>N</ImportTable>
            <IsChangeLog>Y</IsChangeLog>
            <ReplicationType>L</ReplicationType>
            <PO_Window_ID reference="id"/>
            <CopyColumnsFromTable>N</CopyColumnsFromTable>
            <IsCentrallyMaintained>Y</IsCentrallyMaintained>
            <AD_Table_UU>e63995b4-374e-4670-b310-e1e69ec19613</AD_Table_UU>
            <Processing>N</Processing>
            <DatabaseViewDrop>N</DatabaseViewDrop>
            <AD_Element type="table">
                <AD_Client_ID>0</AD_Client_ID>
                <AD_Org_ID>0</AD_Org_ID>
                <IsActive>Y</IsActive>
                <ColumnName>KDB_KanbanPriority_ID</ColumnName>
                <Name>Kanban Priority</Name>
                <Description/>
                <Help/>
                <PrintName>Kanban Priority</PrintName>
                <PO_Description/>
                <PO_Help/>
                <PO_Name/>
                <PO_PrintName/>
                <EntityType>KDB</EntityType>
                <AD_Element_UU>fca6a7f5-3789-431a-9faa-eb76116a02a1</AD_Element_UU>
                <AD_Element_Trl type="translation">
                    <Help/>
                    <PO_Description/>
                    <PO_Help/>
                    <Name>Kanban Priority</Name>
                    <Description/>
                    <PrintName>Kanban Priority</PrintName>
                    <PO_Name/>
                    <PO_PrintName/>
                    <AD_Language>es_CO</AD_Language>
                    <IsActive>Y</IsActive>
                    <IsTranslated>N</IsTranslated>
                </AD_Element_Trl>
            </AD_Element>
            <AD_Element type="table">
                <AD_Client_ID>0</AD_Client_ID>
                <AD_Org_ID>0</AD_Org_ID>
                <IsActive>Y</IsActive>
                <ColumnName>KDB_KanbanPriority_UU</ColumnName>
                <Name>KDB_KanbanPriority_UU</Name>
                <Description/>
                <Help/>
                <PrintName>KDB_KanbanPriority_UU</PrintName>
                <PO_Description/>
                <PO_Help/>
                <PO_Name/>
                <PO_PrintName/>
                <EntityType>KDB</EntityType>
                <AD_Element_UU>641b0778-5f48-4b4b-aa0a-ff1de596e9dd</AD_Element_UU>
                <AD_Element_Trl type="translation">
                    <Help/>
                    <PO_Description/>
                    <PO_Help/>
                    <Name>KDB_KanbanPriority_UU</Name>
                    <Description/>
                    <PrintName>KDB_KanbanPriority_UU</PrintName>
                    <PO_Name/>
                    <PO_PrintName/>
                    <AD_Language>es_CO</AD_Language>
                    <IsActive>Y</IsActive>
                    <IsTranslated>N</IsTranslated>
                </AD_Element_Trl>
            </AD_Element>
            <AD_Element type="table">
                <AD_Client_ID>0</AD_Client_ID>
                <AD_Org_ID>0</AD_Org_ID>
                <IsActive>Y</IsActive>
                <ColumnName>KDB_PriorityColor_ID</ColumnName>
                <Name>Priority Color</Name>
                <Description/>
                <Help/>
                <PrintName>Priority Color</PrintName>
                <PO_Description/>
                <PO_Help/>
                <PO_Name/>
                <PO_PrintName/>
                <EntityType>KDB</EntityType>
                <AD_Element_UU>afda4db7-9b28-4680-8ae8-5a3990cfaa70</AD_Element_UU>
                <AD_Element_Trl type="translation">
                    <Help/>
                    <PO_Description/>
                    <PO_Help/>
                    <Name>Color de Prioridad</Name>
                    <Description/>
                    <PrintName>Color de Prioridad</PrintName>
                    <PO_Name/>
                    <PO_PrintName/>
                    <AD_Language>es_CO</AD_Language>
                    <IsActive>Y</IsActive>
                    <IsTranslated>Y</IsTranslated>
                </AD_Element_Trl>
            </AD_Element>
        </AD_Table>
        <AD_Tab type="table">
            <AD_Client_ID>0</AD_Client_ID>
            <AD_Org_ID>0</AD_Org_ID>
            <Name>Priority</Name>
            <Description>It determines the color and the order that the cards will take on the kanban board dependending on its priority rules</Description>
            <Help/>
            <AD_Window_ID reference="uuid" reference-key="AD_Window">6b5c2c5e-8e47-47d2-b33c-18c16e91be8c</AD_Window_ID>
            <SeqNo>40</SeqNo>
            <IsSingleRow>Y</IsSingleRow>
            <AD_Table_ID reference="uuid" reference-key="AD_Table">e63995b4-374e-4670-b310-e1e69ec19613</AD_Table_ID>
            <IsActive>Y</IsActive>
            <HasTree>N</HasTree>
            <IsInfoTab>N</IsInfoTab>
            <IsTranslationTab>N</IsTranslationTab>
            <IsReadOnly>N</IsReadOnly>
            <AD_Column_ID reference="uuid" reference-key="AD_Column">128bff25-c377-486c-ac48-6a8d7075673e</AD_Column_ID>
            <WhereClause/>
            <OrderByClause>MinValue</OrderByClause>
            <CommitWarning/>
            <AD_Process_ID reference="id"/>
            <Processing>N</Processing>
            <AD_Image_ID reference="id"/>
            <ImportFields>N</ImportFields>
            <TabLevel>1</TabLevel>
            <IsSortTab>N</IsSortTab>
            <AD_ColumnSortYesNo_ID reference="id"/>
            <AD_ColumnSortOrder_ID reference="id"/>
            <EntityType>KDB</EntityType>
            <Included_Tab_ID reference="id"/>
            <ReadOnlyLogic/>
            <DisplayLogic/>
            <IsInsertRecord>Y</IsInsertRecord>
            <IsAdvancedTab>N</IsAdvancedTab>
            <Parent_Column_ID reference="id"/>
            <AD_Tab_UU>7e2bd041-40fd-4302-be9c-fe579e76b317</AD_Tab_UU>
            <AD_CtxHelp_ID reference="id"/>
            <TreeDisplayedOn>B</TreeDisplayedOn>
            <AD_Tab_Trl type="translation">
                <Help/>
                <CommitWarning/>
                <Name>Prioridad</Name>
                <Description>Determina el color de las tarjetas que se presentarán en el tablero de acuerdo a las reglas de prioridad definidas</Description>
                <AD_Language>es_CO</AD_Language>
                <IsActive>Y</IsActive>
                <IsTranslated>Y</IsTranslated>
            </AD_Tab_Trl>
        </AD_Tab>
        <AD_Table type="table">
            <AD_Client_ID>0</AD_Client_ID>
            <AD_Org_ID>0</AD_Org_ID>
            <Name>Kanban Board Trl</Name>
            <Description/>
            <Help/>
            <AD_Window_ID reference="uuid" reference-key="AD_Window">6b5c2c5e-8e47-47d2-b33c-18c16e91be8c</AD_Window_ID>
            <AD_Val_Rule_ID reference="id"/>
            <TableName>KDB_KanbanBoard_Trl</TableName>
            <LoadSeq>0</LoadSeq>
            <AccessLevel>6</AccessLevel>
            <IsActive>Y</IsActive>
            <IsSecurityEnabled>N</IsSecurityEnabled>
            <IsDeleteable>Y</IsDeleteable>
            <IsHighVolume>N</IsHighVolume>
            <IsView>N</IsView>
            <EntityType>KDB</EntityType>
            <ImportTable>N</ImportTable>
            <IsChangeLog>Y</IsChangeLog>
            <ReplicationType>L</ReplicationType>
            <PO_Window_ID reference="id"/>
            <CopyColumnsFromTable>N</CopyColumnsFromTable>
            <IsCentrallyMaintained>Y</IsCentrallyMaintained>
            <AD_Table_UU>9820e7b2-2a6f-4ccd-929a-05941789e8e1</AD_Table_UU>
            <Processing>N</Processing>
            <DatabaseViewDrop>N</DatabaseViewDrop>
            <AD_Element type="table">
                <AD_Client_ID>0</AD_Client_ID>
                <AD_Org_ID>0</AD_Org_ID>
                <IsActive>Y</IsActive>
                <ColumnName>KDB_KanbanBoard_Trl_UU</ColumnName>
                <Name>KDB_KanbanBoard_Trl_UU</Name>
                <Description/>
                <Help/>
                <PrintName>KDB_KanbanBoard_Trl_UU</PrintName>
                <PO_Description/>
                <PO_Help/>
                <PO_Name/>
                <PO_PrintName/>
                <EntityType>KDB</EntityType>
                <AD_Element_UU>43d4d25f-ff30-4806-8102-c1be04ffa53a</AD_Element_UU>
                <AD_Element_Trl type="translation">
                    <Help/>
                    <PO_Description/>
                    <PO_Help/>
                    <Name>KDB_KanbanBoard_Trl_UU</Name>
                    <Description/>
                    <PrintName>KDB_KanbanBoard_Trl_UU</PrintName>
                    <PO_Name/>
                    <PO_PrintName/>
                    <AD_Language>es_CO</AD_Language>
                    <IsActive>Y</IsActive>
                    <IsTranslated>N</IsTranslated>
                </AD_Element_Trl>
            </AD_Element>
            <AD_Column type="table">
                <IsSyncDatabase>Y</IsSyncDatabase>
                <AD_Table_ID reference="uuid" reference-key="AD_Table">9820e7b2-2a6f-4ccd-929a-05941789e8e1</AD_Table_ID>
                <AD_Reference_Value_ID reference="id"/>
                <AD_Client_ID>0</AD_Client_ID>
                <AD_Org_ID>0</AD_Org_ID>
                <Version>0</Version>
                <Name>Kanban Card Content</Name>
                <Description/>
                <Help/>
                <AD_Val_Rule_ID reference="id"/>
                <ColumnName>KDB_KanbanCard</ColumnName>
                <DefaultValue/>
                <FieldLength>4000</FieldLength>
                <IsKey>N</IsKey>
                <IsParent>N</IsParent>
                <IsMandatory>N</IsMandatory>
                <IsTranslated>N</IsTranslated>
                <IsIdentifier>N</IsIdentifier>
                <SeqNo>0</SeqNo>
                <IsEncrypted>N</IsEncrypted>
                <AD_Reference_ID reference="id">10</AD_Reference_ID>
                <IsActive>Y</IsActive>
                <VFormat/>
                <Callout/>
                <AD_Element_ID reference="uuid" reference-key="AD_Element">aa30c2dc-80c1-4fd0-a83f-46006a0de200</AD_Element_ID>
                <IsUpdateable>Y</IsUpdateable>
                <AD_Process_ID reference="id"/>
                <ValueMin/>
                <ValueMax/>
                <IsSelectionColumn>N</IsSelectionColumn>
                <ReadOnlyLogic/>
                <EntityType>KDB</EntityType>
                <IsAlwaysUpdateable>N</IsAlwaysUpdateable>
                <ColumnSQL/>
                <MandatoryLogic/>
                <IsAutocomplete>N</IsAutocomplete>
                <IsAllowLogging>Y</IsAllowLogging>
                <FormatPattern/>
                <AD_Chart_ID reference="id"/>
                <AD_Column_UU>01bc0a66-861f-4053-a971-162f646f5bd0</AD_Column_UU>
                <IsAllowCopy>Y</IsAllowCopy>
                <SeqNoSelection>0</SeqNoSelection>
                <IsToolbarButton>N</IsToolbarButton>
                <IsSecure>N</IsSecure>
                <FKConstraintName/>
                <FKConstraintType/>
            </AD_Column>
            <AD_TableIndex type="table">
                <AD_Client_ID>0</AD_Client_ID>
                <AD_Org_ID>0</AD_Org_ID>
                <AD_TableIndex_UU>f47689b2-8044-460b-8fc8-66b79b8ba866</AD_TableIndex_UU>
                <Description/>
                <EntityType>KDB</EntityType>
                <IsActive>Y</IsActive>
                <Name>KDB_KanbanBoard_Trl_key</Name>
                <AD_Table_ID reference="uuid" reference-key="AD_Table">9820e7b2-2a6f-4ccd-929a-05941789e8e1</AD_Table_ID>
                <Help/>
                <IsCreateConstraint>Y</IsCreateConstraint>
                <IsUnique>Y</IsUnique>
                <Processing>N</Processing>
                <AD_Message_ID reference="id"/>
                <TableIndexDrop>N</TableIndexDrop>
                <IsKey>Y</IsKey>
                <AD_IndexColumn type="table">
                    <AD_Client_ID>0</AD_Client_ID>
                    <AD_Org_ID>0</AD_Org_ID>
                    <AD_IndexColumn_UU>83ef25a9-80f1-42f0-8671-1d26015a68b4</AD_IndexColumn_UU>
                    <EntityType>U</EntityType>
                    <IsActive>Y</IsActive>
                    <AD_Column_ID reference="uuid" reference-key="AD_Column">2525efcf-bc67-417e-934a-7d3680e6cba5</AD_Column_ID>
                    <AD_TableIndex_ID reference="uuid" reference-key="AD_TableIndex">f47689b2-8044-460b-8fc8-66b79b8ba866</AD_TableIndex_ID>
                    <ColumnSQL/>
                    <SeqNo>1</SeqNo>
                </AD_IndexColumn>
                <AD_IndexColumn type="table">
                    <AD_Client_ID>0</AD_Client_ID>
                    <AD_Org_ID>0</AD_Org_ID>
                    <AD_IndexColumn_UU>2e1b236a-8fa2-446f-8053-16204ec57510</AD_IndexColumn_UU>
                    <EntityType>U</EntityType>
                    <IsActive>Y</IsActive>
                    <AD_Column_ID reference="uuid" reference-key="AD_Column">07db721d-dad4-4b43-a03c-4ec4dc61da62</AD_Column_ID>
                    <AD_TableIndex_ID reference="uuid" reference-key="AD_TableIndex">f47689b2-8044-460b-8fc8-66b79b8ba866</AD_TableIndex_ID>
                    <ColumnSQL/>
                    <SeqNo>2</SeqNo>
                </AD_IndexColumn>
            </AD_TableIndex>
        </AD_Table>
        <AD_Tab type="table">
            <AD_Client_ID>0</AD_Client_ID>
            <AD_Org_ID>0</AD_Org_ID>
            <Name>Kanban Board Translation</Name>
            <Description/>
            <Help/>
            <AD_Window_ID reference="uuid" reference-key="AD_Window">6b5c2c5e-8e47-47d2-b33c-18c16e91be8c</AD_Window_ID>
            <SeqNo>50</SeqNo>
            <IsSingleRow>Y</IsSingleRow>
            <AD_Table_ID reference="uuid" reference-key="AD_Table">9820e7b2-2a6f-4ccd-929a-05941789e8e1</AD_Table_ID>
            <IsActive>Y</IsActive>
            <HasTree>N</HasTree>
            <IsInfoTab>N</IsInfoTab>
            <IsTranslationTab>Y</IsTranslationTab>
            <IsReadOnly>N</IsReadOnly>
            <AD_Column_ID reference="uuid" reference-key="AD_Column">2525efcf-bc67-417e-934a-7d3680e6cba5</AD_Column_ID>
            <WhereClause/>
            <OrderByClause/>
            <CommitWarning/>
            <AD_Process_ID reference="id"/>
            <Processing>N</Processing>
            <AD_Image_ID reference="id"/>
            <ImportFields>N</ImportFields>
            <TabLevel>1</TabLevel>
            <IsSortTab>N</IsSortTab>
            <AD_ColumnSortYesNo_ID reference="id"/>
            <AD_ColumnSortOrder_ID reference="id"/>
            <EntityType>KDB</EntityType>
            <Included_Tab_ID reference="id"/>
            <ReadOnlyLogic/>
            <DisplayLogic/>
            <IsInsertRecord>Y</IsInsertRecord>
            <IsAdvancedTab>N</IsAdvancedTab>
            <Parent_Column_ID reference="id"/>
            <AD_Tab_UU>57e0d9bb-397f-40ae-9c80-6f492331fd95</AD_Tab_UU>
            <AD_CtxHelp_ID reference="id"/>
            <TreeDisplayedOn>B</TreeDisplayedOn>
            <AD_Tab_Trl type="translation">
                <Help/>
                <CommitWarning/>
                <Name>Traducción de Tablero Kanban</Name>
                <Description/>
                <AD_Language>es_CO</AD_Language>
                <IsActive>Y</IsActive>
                <IsTranslated>Y</IsTranslated>
            </AD_Tab_Trl>
        </AD_Tab>
    </AD_Window>
</idempiere>
