<?xml version="1.0" encoding="UTF-8"?><idempiere Name="KDB_SummaryMessage" Version="1.0.0" idempiereVersion="" DataBaseVersion="" Description="" Author="" AuthorEmail="diego.ruiz@globalqss.com" CreatedDate="2017-11-14 19:12:17.756" UpdatedDate="2017-11-14 19:14:03.232" PackOutVersion="100" UpdateDictionary="false" Client="0-SYSTEM-System" AD_Client_UU="11237b53-9592-4af1-b3c5-afd216514b5d">
    <AD_Element type="table">
        <AD_Client_ID>0</AD_Client_ID>
        <AD_Org_ID>0</AD_Org_ID>
        <IsActive>Y</IsActive>
        <ColumnName>KDB_SummarySQL</ColumnName>
        <Name>Summary SQL</Name>
        <Description>Defines the SQL code that sets the summary that is set on every state of the Kanban Board</Description>
        <Help>SQL code: SELECT something1, something1, something3 ...FROM ... WHERE. The SQL statement can contain the @KanbanStatus@ variable that defines that the query will be different for each status. in the FROM clause don't use an alias for the main table.</Help>
        <PrintName>Summary SQL</PrintName>
        <PO_Description/>
        <PO_Help/>
        <PO_Name/>
        <PO_PrintName/>
        <EntityType>KDB</EntityType>
        <AD_Element_UU>8c1b08d4-f399-49e9-bde0-f83cd17ec3ed</AD_Element_UU>
        <AD_Element_Trl type="translation">
            <Help/>
            <PO_Description/>
            <PO_Help/>
            <Name>Summary SQL</Name>
            <Description>Defines the SQL code that sets the summary that is set on every state of the Kanban Board</Description>
            <PrintName>Summary SQL</PrintName>
            <PO_Name/>
            <PO_PrintName/>
            <AD_Language>de_DE</AD_Language>
            <IsActive>Y</IsActive>
            <IsTranslated>N</IsTranslated>
        </AD_Element_Trl>
    </AD_Element>
    <AD_Element type="table">
        <AD_Client_ID>0</AD_Client_ID>
        <AD_Org_ID>0</AD_Org_ID>
        <IsActive>Y</IsActive>
        <ColumnName>KDB_SummaryMsg</ColumnName>
        <Name>Summary Message</Name>
        <Description>Message that will be present on every state of the Kanban Board</Description>
        <Help>Summary message that parses the sql variable with {n} to display the result from the Summary SQL statement</Help>
        <PrintName>Summary Message</PrintName>
        <PO_Description/>
        <PO_Help/>
        <PO_Name/>
        <PO_PrintName/>
        <EntityType>KDB</EntityType>
        <AD_Element_UU>825ea4b4-a2c8-43f1-a6cb-554e2e273ba0</AD_Element_UU>
        <AD_Element_Trl type="translation">
            <Help>It can be html and must parse the sql variable with {n} to display the result from the Summary SQL statement</Help>
            <PO_Description/>
            <PO_Help/>
            <Name>Summary Message</Name>
            <Description>Message that will be present on every state of the Kanban Board</Description>
            <PrintName>Summary Message</PrintName>
            <PO_Name/>
            <PO_PrintName/>
            <AD_Language>de_DE</AD_Language>
            <IsActive>Y</IsActive>
            <IsTranslated>N</IsTranslated>
        </AD_Element_Trl>
    </AD_Element>
    <AD_Column type="table">
        <IsSyncDatabase>Y</IsSyncDatabase>
        <AD_Table_ID reference="uuid" reference-key="AD_Table">feeef20d-dedb-4685-9a37-ee2602200509</AD_Table_ID>
        <AD_Reference_Value_ID reference="id"/>
        <AD_Client_ID>0</AD_Client_ID>
        <AD_Org_ID>0</AD_Org_ID>
        <Version>0</Version>
        <Name>Summary Message</Name>
        <Description>Message that will be present on every state of the Kanban Board</Description>
        <Help>Summary message that parses the sql variable with {n} to display the result from the Summary SQL statement</Help>
        <AD_Val_Rule_ID reference="id"/>
        <ColumnName>KDB_SummaryMsg</ColumnName>
        <DefaultValue/>
        <FieldLength>2000</FieldLength>
        <IsKey>N</IsKey>
        <IsParent>N</IsParent>
        <IsMandatory>N</IsMandatory>
        <IsTranslated>Y</IsTranslated>
        <IsIdentifier>N</IsIdentifier>
        <SeqNo>0</SeqNo>
        <IsEncrypted>N</IsEncrypted>
        <AD_Reference_ID reference="id">14</AD_Reference_ID>
        <IsActive>Y</IsActive>
        <VFormat/>
        <Callout/>
        <AD_Element_ID reference="uuid" reference-key="AD_Element">825ea4b4-a2c8-43f1-a6cb-554e2e273ba0</AD_Element_ID>
        <IsUpdateable>Y</IsUpdateable>
        <AD_Process_ID reference="id"/>
        <ValueMin/>
        <ValueMax/>
        <IsSelectionColumn>N</IsSelectionColumn>
        <ReadOnlyLogic/>
        <EntityType>KDB</EntityType>
        <IsAlwaysUpdateable>N</IsAlwaysUpdateable>
        <ColumnSQL/>
        <MandatoryLogic/>
        <IsAutocomplete>N</IsAutocomplete>
        <IsAllowLogging>Y</IsAllowLogging>
        <FormatPattern/>
        <AD_Chart_ID reference="id"/>
        <AD_Column_UU>c6808a36-5d09-411a-820c-b3e6b0cdc5c4</AD_Column_UU>
        <IsAllowCopy>Y</IsAllowCopy>
        <SeqNoSelection>0</SeqNoSelection>
        <IsToolbarButton>N</IsToolbarButton>
        <IsSecure>N</IsSecure>
        <FKConstraintName/>
        <FKConstraintType>N</FKConstraintType>
        <PA_DashboardContent_ID reference="id"/>
    </AD_Column>
    <AD_Column type="table">
        <IsSyncDatabase>Y</IsSyncDatabase>
        <AD_Table_ID reference="uuid" reference-key="AD_Table">9820e7b2-2a6f-4ccd-929a-05941789e8e1</AD_Table_ID>
        <AD_Reference_Value_ID reference="id"/>
        <AD_Client_ID>0</AD_Client_ID>
        <AD_Org_ID>0</AD_Org_ID>
        <Version>0</Version>
        <Name>Summary Message</Name>
        <Description>Message that will be present on every state of the Kanban Board</Description>
        <Help>Summary message that parses the sql variable with {n} to display the result from the Summary SQL statement</Help>
        <AD_Val_Rule_ID reference="id"/>
        <ColumnName>KDB_SummaryMsg</ColumnName>
        <DefaultValue/>
        <FieldLength>2000</FieldLength>
        <IsKey>N</IsKey>
        <IsParent>N</IsParent>
        <IsMandatory>N</IsMandatory>
        <IsTranslated>N</IsTranslated>
        <IsIdentifier>N</IsIdentifier>
        <SeqNo>0</SeqNo>
        <IsEncrypted>N</IsEncrypted>
        <AD_Reference_ID reference="id">14</AD_Reference_ID>
        <IsActive>Y</IsActive>
        <VFormat/>
        <Callout/>
        <AD_Element_ID reference="uuid" reference-key="AD_Element">825ea4b4-a2c8-43f1-a6cb-554e2e273ba0</AD_Element_ID>
        <IsUpdateable>Y</IsUpdateable>
        <AD_Process_ID reference="id"/>
        <ValueMin/>
        <ValueMax/>
        <IsSelectionColumn>N</IsSelectionColumn>
        <ReadOnlyLogic/>
        <EntityType>KDB</EntityType>
        <IsAlwaysUpdateable>N</IsAlwaysUpdateable>
        <ColumnSQL/>
        <MandatoryLogic/>
        <IsAutocomplete>N</IsAutocomplete>
        <IsAllowLogging>Y</IsAllowLogging>
        <FormatPattern/>
        <AD_Chart_ID reference="id"/>
        <AD_Column_UU>79183969-663e-44ae-a899-a6b332c8979e</AD_Column_UU>
        <IsAllowCopy>Y</IsAllowCopy>
        <SeqNoSelection>0</SeqNoSelection>
        <IsToolbarButton>N</IsToolbarButton>
        <IsSecure>N</IsSecure>
        <FKConstraintName/>
        <FKConstraintType>N</FKConstraintType>
        <PA_DashboardContent_ID reference="id"/>
    </AD_Column>
    <AD_Field type="table">
        <AD_Client_ID>0</AD_Client_ID>
        <AD_Org_ID>0</AD_Org_ID>
        <Name>Summary Message</Name>
        <Description>Message that will be present on every state of the Kanban Board</Description>
        <Help>Summary message that parses the sql variable with {n} to display the result from the Summary SQL statement</Help>
        <AD_Tab_ID reference="uuid" reference-key="AD_Tab">0a854af7-df7f-4241-80cb-e3b8d8343797</AD_Tab_ID>
        <AD_Column_ID reference="uuid" reference-key="AD_Column">c6808a36-5d09-411a-820c-b3e6b0cdc5c4</AD_Column_ID>
        <IsDisplayed>Y</IsDisplayed>
        <DisplayLogic/>
        <DisplayLength>2000</DisplayLength>
        <SeqNo>75</SeqNo>
        <SortNo/>
        <IsSameLine>N</IsSameLine>
        <IsHeading>N</IsHeading>
        <IsFieldOnly>N</IsFieldOnly>
        <IsEncrypted>N</IsEncrypted>
        <IsActive>Y</IsActive>
        <IsReadOnly>N</IsReadOnly>
        <IsCentrallyMaintained>Y</IsCentrallyMaintained>
        <AD_FieldGroup_ID reference="id"/>
        <EntityType>KDB</EntityType>
        <ObscureType/>
        <AD_Reference_ID reference="id"/>
        <IsMandatory/>
        <DefaultValue/>
        <AD_Reference_Value_ID reference="id"/>
        <AD_Val_Rule_ID reference="id"/>
        <Included_Tab_ID reference="id"/>
        <AD_Field_UU>0348ba5a-d3c7-4a43-af56-65d4690cf18a</AD_Field_UU>
        <IsAllowCopy/>
        <IsDisplayedGrid>Y</IsDisplayedGrid>
        <SeqNoGrid>210</SeqNoGrid>
        <XPosition>1</XPosition>
        <ColumnSpan>5</ColumnSpan>
        <NumLines>3</NumLines>
        <IsQuickEntry>N</IsQuickEntry>
        <IsUpdateable/>
        <IsAlwaysUpdateable/>
        <MandatoryLogic/>
        <ReadOnlyLogic/>
        <IsToolbarButton/>
        <IsDefaultFocus>N</IsDefaultFocus>
        <IsAdvancedField>N</IsAdvancedField>
        <VFormat/>
        <AD_LabelStyle_ID reference="id"/>
        <AD_FieldStyle_ID reference="id"/>
        <AD_Field_Trl type="translation">
            <Help>It can be html and must parse the sql variable with {n} to display the result from the Summary SQL statement</Help>
            <Description>Message that will be present on every state of the Kanban Board</Description>
            <Name>Summary Message</Name>
            <AD_Language>de_DE</AD_Language>
            <IsActive>Y</IsActive>
            <IsTranslated>N</IsTranslated>
        </AD_Field_Trl>
    </AD_Field>
    <AD_Field type="table">
        <AD_Client_ID>0</AD_Client_ID>
        <AD_Org_ID>0</AD_Org_ID>
        <Name>Summary Message</Name>
        <Description>Message that will be present on every state of the Kanban Board</Description>
        <Help>Summary message that parses the sql variable with {n} to display the result from the Summary SQL statement</Help>
        <AD_Tab_ID reference="uuid" reference-key="AD_Tab">57e0d9bb-397f-40ae-9c80-6f492331fd95</AD_Tab_ID>
        <AD_Column_ID reference="uuid" reference-key="AD_Column">79183969-663e-44ae-a899-a6b332c8979e</AD_Column_ID>
        <IsDisplayed>Y</IsDisplayed>
        <DisplayLogic/>
        <DisplayLength>2000</DisplayLength>
        <SeqNo>100</SeqNo>
        <SortNo/>
        <IsSameLine>N</IsSameLine>
        <IsHeading>N</IsHeading>
        <IsFieldOnly>N</IsFieldOnly>
        <IsEncrypted>N</IsEncrypted>
        <IsActive>Y</IsActive>
        <IsReadOnly>N</IsReadOnly>
        <IsCentrallyMaintained>Y</IsCentrallyMaintained>
        <AD_FieldGroup_ID reference="id"/>
        <EntityType>KDB</EntityType>
        <ObscureType/>
        <AD_Reference_ID reference="id"/>
        <IsMandatory/>
        <DefaultValue/>
        <AD_Reference_Value_ID reference="id"/>
        <AD_Val_Rule_ID reference="id"/>
        <Included_Tab_ID reference="id"/>
        <AD_Field_UU>4fb3739a-2883-4f53-8efb-748368fbe017</AD_Field_UU>
        <IsAllowCopy/>
        <IsDisplayedGrid>Y</IsDisplayedGrid>
        <SeqNoGrid>100</SeqNoGrid>
        <XPosition>1</XPosition>
        <ColumnSpan>5</ColumnSpan>
        <NumLines>3</NumLines>
        <IsQuickEntry>N</IsQuickEntry>
        <IsUpdateable/>
        <IsAlwaysUpdateable/>
        <MandatoryLogic/>
        <ReadOnlyLogic/>
        <IsToolbarButton/>
        <IsDefaultFocus>N</IsDefaultFocus>
        <IsAdvancedField>N</IsAdvancedField>
        <VFormat/>
        <AD_LabelStyle_ID reference="id"/>
        <AD_FieldStyle_ID reference="id"/>
        <AD_Field_Trl type="translation">
            <Help>It can be html and must parse the sql variable with {n} to display the result from the Summary SQL statement</Help>
            <Description>Message that will be present on every state of the Kanban Board</Description>
            <Name>Summary Message</Name>
            <AD_Language>de_DE</AD_Language>
            <IsActive>Y</IsActive>
            <IsTranslated>N</IsTranslated>
        </AD_Field_Trl>
    </AD_Field>
</idempiere>
