<?xml version="1.0" encoding="UTF-8"?><idempiere Name="AD_Message" Version="1.0.0" idempiereVersion="8.2.0.qualifier" DataBaseVersion="2020-12-20" Description="" Author="SuperUser" AuthorEmail="superuser @ idempiere.com" CreatedDate="Thu Oct 28 17:03:50 CEST 2021" UpdatedDate="Thu Oct 28 17:03:50 CEST 2021" PackOutVersion="100" UpdateDictionary="true" Client="0-SYSTEM-System" AD_Client_UU="11237b53-9592-4af1-b3c5-afd216514b5d">
    <AD_Message type="table">
        <AD_Client_ID>0</AD_Client_ID>
        <AD_Org_ID>0</AD_Org_ID>
        <MsgType>I</MsgType>
        <MsgText> ({0,choice,0#No Cards|1#1 Card|1&lt;{0} Cards})</MsgText>
        <MsgTip/>
        <AD_Org_ID reference="id">0</AD_Org_ID>
        <IsActive>Y</IsActive>
        <Value>KDB_SwimlaneSummary</Value>
        <EntityType>KDB</EntityType>
        <AD_Message_UU>fcae5da7-a89a-404d-84c1-8b0f63527b8f</AD_Message_UU>
        <AD_Message_Trl type="translation">
            <MsgText>{0,choice,0#No Cards|1#1 Card|1&lt;{0} Cards}</MsgText>
            <MsgTip/>
            <AD_Language>es_CO</AD_Language>
            <IsActive>Y</IsActive>
            <IsTranslated>N</IsTranslated>
        </AD_Message_Trl>
    </AD_Message>
</idempiere>
