<?xml version="1.0" encoding="UTF-8"?><idempiere Name="2Pack_6.1.0" Version="6.1.0" idempiereVersion="" DataBaseVersion="" Description="" Author="" AuthorEmail="carlos.ruiz@globalqss.com" CreatedDate="2018-12-17 17:36:50.247" UpdatedDate="2018-12-17 17:41:29.994" PackOutVersion="100" UpdateDictionary="true" Client="0-SYSTEM-System" AD_Client_UU="11237b53-9592-4af1-b3c5-afd216514b5d">
    <AD_Form type="table">
        <AD_Client_ID>0</AD_Client_ID>
        <AD_Org_ID>0</AD_Org_ID>
        <IsActive>Y</IsActive>
        <Name>Kanban Board</Name>
        <Description/>
        <Help/>
        <Classname>org.kanbanboard.webui.apps.form.WKanbanBoard</Classname>
        <AccessLevel>6</AccessLevel>
        <EntityType>KDB</EntityType>
        <IsBetaFunctionality>N</IsBetaFunctionality>
        <JSPURL/>
        <AD_Form_UU>88794bd2-c93e-4037-a915-dd0d01288702</AD_Form_UU>
        <AD_CtxHelp_ID reference="id"/>
        <AD_Form_Trl type="translation">
            <Help/>
            <Description/>
            <Name>Tablero Kanban</Name>
            <AD_Language>es_CO</AD_Language>
            <IsActive>Y</IsActive>
            <IsTranslated>Y</IsTranslated>
        </AD_Form_Trl>
    </AD_Form>
    <AD_Form type="table">
        <AD_Client_ID>0</AD_Client_ID>
        <AD_Org_ID>0</AD_Org_ID>
        <IsActive>Y</IsActive>
        <Name>Kanban Status Configuration</Name>
        <Description/>
        <Help/>
        <Classname>org.kanbanboard.webui.apps.form.WKanbanStatus</Classname>
        <AccessLevel>6</AccessLevel>
        <EntityType>KDB</EntityType>
        <IsBetaFunctionality>N</IsBetaFunctionality>
        <JSPURL/>
        <AD_Form_UU>d273ef45-6b9a-40c5-88c4-3766df7590e9</AD_Form_UU>
        <AD_CtxHelp_ID reference="id"/>
        <AD_Form_Trl type="translation">
            <Help/>
            <Description/>
            <Name>Configuración Estados Kanban</Name>
            <AD_Language>es_CO</AD_Language>
            <IsActive>Y</IsActive>
            <IsTranslated>Y</IsTranslated>
        </AD_Form_Trl>
    </AD_Form>
    <AD_Process type="table">
        <AD_Client_ID>0</AD_Client_ID>
        <AD_Org_ID>0</AD_Org_ID>
        <IsActive>Y</IsActive>
        <Name>Create Statuses in Kanban Board</Name>
        <Description/>
        <Help/>
        <ProcedureName/>
        <IsReport>N</IsReport>
        <Value>KDB_CreateStatusProcess</Value>
        <IsDirectPrint>N</IsDirectPrint>
        <AD_ReportView_ID reference="id"/>
        <Classname>org.kanbanboard.process.CreateStatusProcess</Classname>
        <AccessLevel>6</AccessLevel>
        <EntityType>KDB</EntityType>
        <Statistic_Count>85</Statistic_Count>
        <Statistic_Seconds>1743</Statistic_Seconds>
        <AD_PrintFormat_ID reference="id"/>
        <WorkflowValue/>
        <AD_Workflow_ID reference="id"/>
        <IsBetaFunctionality>N</IsBetaFunctionality>
        <IsServerProcess>N</IsServerProcess>
        <ShowHelp>Y</ShowHelp>
        <JasperReport/>
        <AD_Form_ID reference="id"/>
        <CopyFromProcess>N</CopyFromProcess>
        <AD_Process_UU>ff5d472c-0c68-4de4-9733-1b26a84a9410</AD_Process_UU>
        <AD_CtxHelp_ID reference="id"/>
        <ExecutionType/>
        <AllowMultipleExecution/>
        <AD_Process_Trl type="translation">
            <Help/>
            <Description/>
            <Name>Crear Estados en el Tablero Kanban</Name>
            <AD_Language>es_CO</AD_Language>
            <IsActive>Y</IsActive>
            <IsTranslated>N</IsTranslated>
        </AD_Process_Trl>
    </AD_Process>
</idempiere>
