<?xml version="1.0" encoding="UTF-8"?><idempiere Name="2Pack_6.1.2" Version="6.1.2" idempiereVersion="" DataBaseVersion="" Description="Kanban tooltip columns" Author="" AuthorEmail="diego.ruiz@globalqss.com" CreatedDate="2019-10-02 23:02:42.937" UpdatedDate="2019-10-02 23:02:42.937" PackOutVersion="100" UpdateDictionary="false" Client="0-SYSTEM-System" AD_Client_UU="11237b53-9592-4af1-b3c5-afd216514b5d">
    <AD_Element type="table">
        <AD_Client_ID>0</AD_Client_ID>
        <AD_Org_ID>0</AD_Org_ID>
        <IsActive>Y</IsActive>
        <ColumnName>KDB_CardTooltip</ColumnName>
        <Name>Kanban Card Tooltip</Name>
        <Description>Message shown when the user hovers the pointer over a card</Description>
        <Help>It must be defined as the Kanban Card Content (HTML not supported)</Help>
        <PrintName>Kanban Card Tooltip</PrintName>
        <PO_Description/>
        <PO_Help/>
        <PO_Name/>
        <PO_PrintName/>
        <EntityType>KDB</EntityType>
        <AD_Element_UU>ad2ce9cb-66c3-44ac-969b-9590f5b01559</AD_Element_UU>
        <Placeholder/>
        <AD_Element_Trl type="translation">
            <Help/>
            <PO_Description/>
            <PO_Help/>
            <Name>Kanban Card Tooltip</Name>
            <Description/>
            <PrintName>Kanban Card Tooltip</PrintName>
            <PO_Name/>
            <PO_PrintName/>
            <Placeholder/>
            <AD_Language>de_DE</AD_Language>
            <IsActive>Y</IsActive>
            <IsTranslated>N</IsTranslated>
        </AD_Element_Trl>
    </AD_Element>
    <AD_Column type="table">
        <IsSyncDatabase>Y</IsSyncDatabase>
        <AD_Table_ID reference="uuid" reference-key="AD_Table">feeef20d-dedb-4685-9a37-ee2602200509</AD_Table_ID>
        <AD_Reference_Value_ID reference="id"/>
        <AD_Client_ID>0</AD_Client_ID>
        <AD_Org_ID>0</AD_Org_ID>
        <Version>0</Version>
        <Name>Kanban Card Tooltip</Name>
        <Description>Message shown when the user hovers the pointer over a card</Description>
        <Help>It must be defined as the Kanban Card Content (HTML not supported)</Help>
        <AD_Val_Rule_ID reference="id"/>
        <ColumnName>KDB_CardTooltip</ColumnName>
        <DefaultValue/>
        <FieldLength>4000</FieldLength>
        <IsKey>N</IsKey>
        <IsParent>N</IsParent>
        <IsMandatory>N</IsMandatory>
        <IsTranslated>Y</IsTranslated>
        <IsIdentifier>N</IsIdentifier>
        <SeqNo>0</SeqNo>
        <IsEncrypted>N</IsEncrypted>
        <AD_Reference_ID reference="id">10</AD_Reference_ID>
        <IsActive>Y</IsActive>
        <VFormat/>
        <Callout/>
        <AD_Element_ID reference="uuid" reference-key="AD_Element">ad2ce9cb-66c3-44ac-969b-9590f5b01559</AD_Element_ID>
        <IsUpdateable>Y</IsUpdateable>
        <AD_Process_ID reference="id"/>
        <ValueMin/>
        <ValueMax/>
        <IsSelectionColumn>N</IsSelectionColumn>
        <ReadOnlyLogic/>
        <EntityType>KDB</EntityType>
        <IsAlwaysUpdateable>N</IsAlwaysUpdateable>
        <ColumnSQL/>
        <MandatoryLogic/>
        <IsAutocomplete>N</IsAutocomplete>
        <IsAllowLogging>Y</IsAllowLogging>
        <FormatPattern/>
        <AD_Chart_ID reference="id"/>
        <AD_Column_UU>e4877922-8419-426e-9c02-7dde5e0e331f</AD_Column_UU>
        <IsAllowCopy>Y</IsAllowCopy>
        <SeqNoSelection>0</SeqNoSelection>
        <IsToolbarButton>N</IsToolbarButton>
        <IsSecure>N</IsSecure>
        <FKConstraintName/>
        <FKConstraintType>N</FKConstraintType>
        <PA_DashboardContent_ID reference="id"/>
        <Placeholder/>
        <IsHtml>N</IsHtml>
        <BXS_IsTSIndex>N</BXS_IsTSIndex>
    </AD_Column>
    <AD_Field type="table">
        <AD_Client_ID>0</AD_Client_ID>
        <AD_Org_ID>0</AD_Org_ID>
        <Name>Kanban Card Tooltip</Name>
        <Description>Message shown when the user hovers the pointer over a card</Description>
        <Help>It must be defined as the Kanban Card Content (HTML not supported)</Help>
        <AD_Tab_ID reference="uuid" reference-key="AD_Tab">0a854af7-df7f-4241-80cb-e3b8d8343797</AD_Tab_ID>
        <AD_Column_ID reference="uuid" reference-key="AD_Column">e4877922-8419-426e-9c02-7dde5e0e331f</AD_Column_ID>
        <IsDisplayed>Y</IsDisplayed>
        <DisplayLogic/>
        <DisplayLength>2000</DisplayLength>
        <SeqNo>71</SeqNo>
        <SortNo/>
        <IsSameLine>N</IsSameLine>
        <IsHeading>N</IsHeading>
        <IsFieldOnly>N</IsFieldOnly>
        <IsEncrypted>N</IsEncrypted>
        <IsActive>Y</IsActive>
        <IsReadOnly>N</IsReadOnly>
        <IsCentrallyMaintained>Y</IsCentrallyMaintained>
        <AD_FieldGroup_ID reference="id"/>
        <EntityType>KDB</EntityType>
        <ObscureType/>
        <AD_Reference_ID reference="id"/>
        <IsMandatory/>
        <DefaultValue/>
        <AD_Reference_Value_ID reference="id"/>
        <AD_Val_Rule_ID reference="id"/>
        <Included_Tab_ID reference="id"/>
        <AD_Field_UU>c70a56e5-94a9-4682-aa26-7b475a018422</AD_Field_UU>
        <IsAllowCopy/>
        <IsDisplayedGrid>Y</IsDisplayedGrid>
        <SeqNoGrid>210</SeqNoGrid>
        <XPosition>1</XPosition>
        <ColumnSpan>5</ColumnSpan>
        <NumLines>2</NumLines>
        <IsQuickEntry>N</IsQuickEntry>
        <IsUpdateable/>
        <IsAlwaysUpdateable/>
        <MandatoryLogic/>
        <ReadOnlyLogic/>
        <IsToolbarButton/>
        <IsDefaultFocus>N</IsDefaultFocus>
        <IsAdvancedField>N</IsAdvancedField>
        <VFormat/>
        <AD_LabelStyle_ID reference="id"/>
        <AD_FieldStyle_ID reference="id"/>
        <Placeholder/>
        <AD_Field_Trl type="translation">
            <Help>It must be defined as the Kanban Card Content (HTML not supported)</Help>
            <Description>Message shown when the user hovers the pointer over a card</Description>
            <Name>Kanban Card Tooltip</Name>
            <Placeholder/>
            <AD_Language>de_DE</AD_Language>
            <IsActive>Y</IsActive>
            <IsTranslated>N</IsTranslated>
        </AD_Field_Trl>
    </AD_Field>
    <AD_Field type="table">
        <AD_Client_ID>0</AD_Client_ID>
        <AD_Org_ID>0</AD_Org_ID>
        <Name>Summary Message</Name>
        <Description>Message that will be present on every state of the Kanban Board</Description>
        <Help>Summary message that parses the sql variable with {n} to display the result from the Summary SQL statement</Help>
        <AD_Tab_ID reference="uuid" reference-key="AD_Tab">0a854af7-df7f-4241-80cb-e3b8d8343797</AD_Tab_ID>
        <AD_Column_ID reference="uuid" reference-key="AD_Column">c6808a36-5d09-411a-820c-b3e6b0cdc5c4</AD_Column_ID>
        <IsDisplayed>Y</IsDisplayed>
        <DisplayLogic/>
        <DisplayLength>2000</DisplayLength>
        <SeqNo>75</SeqNo>
        <SortNo/>
        <IsSameLine>N</IsSameLine>
        <IsHeading>N</IsHeading>
        <IsFieldOnly>N</IsFieldOnly>
        <IsEncrypted>N</IsEncrypted>
        <IsActive>Y</IsActive>
        <IsReadOnly>N</IsReadOnly>
        <IsCentrallyMaintained>Y</IsCentrallyMaintained>
        <AD_FieldGroup_ID reference="id"/>
        <EntityType>KDB</EntityType>
        <ObscureType/>
        <AD_Reference_ID reference="id"/>
        <IsMandatory/>
        <DefaultValue/>
        <AD_Reference_Value_ID reference="id"/>
        <AD_Val_Rule_ID reference="id"/>
        <Included_Tab_ID reference="id"/>
        <AD_Field_UU>0348ba5a-d3c7-4a43-af56-65d4690cf18a</AD_Field_UU>
        <IsAllowCopy/>
        <IsDisplayedGrid>Y</IsDisplayedGrid>
        <SeqNoGrid>210</SeqNoGrid>
        <XPosition>1</XPosition>
        <ColumnSpan>5</ColumnSpan>
        <NumLines>2</NumLines>
        <IsQuickEntry>N</IsQuickEntry>
        <IsUpdateable/>
        <IsAlwaysUpdateable/>
        <MandatoryLogic/>
        <ReadOnlyLogic/>
        <IsToolbarButton/>
        <IsDefaultFocus>N</IsDefaultFocus>
        <IsAdvancedField>N</IsAdvancedField>
        <VFormat/>
        <AD_LabelStyle_ID reference="id"/>
        <AD_FieldStyle_ID reference="id"/>
        <Placeholder/>
    </AD_Field>
    <AD_Column type="table">
        <IsSyncDatabase>Y</IsSyncDatabase>
        <AD_Table_ID reference="uuid" reference-key="AD_Table">9820e7b2-2a6f-4ccd-929a-05941789e8e1</AD_Table_ID>
        <AD_Reference_Value_ID reference="id"/>
        <AD_Client_ID>0</AD_Client_ID>
        <AD_Org_ID>0</AD_Org_ID>
        <Version>0</Version>
        <Name>Kanban Card Tooltip</Name>
        <Description>Message shown when the user hovers the pointer over a card</Description>
        <Help>It must be defined as the Kanban Card Content (HTML not supported)</Help>
        <AD_Val_Rule_ID reference="id"/>
        <ColumnName>KDB_CardTooltip</ColumnName>
        <DefaultValue/>
        <FieldLength>4000</FieldLength>
        <IsKey>N</IsKey>
        <IsParent>N</IsParent>
        <IsMandatory>N</IsMandatory>
        <IsTranslated>N</IsTranslated>
        <IsIdentifier>N</IsIdentifier>
        <SeqNo>0</SeqNo>
        <IsEncrypted>N</IsEncrypted>
        <AD_Reference_ID reference="id">10</AD_Reference_ID>
        <IsActive>Y</IsActive>
        <VFormat/>
        <Callout/>
        <AD_Element_ID reference="uuid" reference-key="AD_Element">ad2ce9cb-66c3-44ac-969b-9590f5b01559</AD_Element_ID>
        <IsUpdateable>Y</IsUpdateable>
        <AD_Process_ID reference="id"/>
        <ValueMin/>
        <ValueMax/>
        <IsSelectionColumn>N</IsSelectionColumn>
        <ReadOnlyLogic/>
        <EntityType>KDB</EntityType>
        <IsAlwaysUpdateable>N</IsAlwaysUpdateable>
        <ColumnSQL/>
        <MandatoryLogic/>
        <IsAutocomplete>N</IsAutocomplete>
        <IsAllowLogging>Y</IsAllowLogging>
        <FormatPattern/>
        <AD_Chart_ID reference="id"/>
        <AD_Column_UU>02587c75-7f84-49b1-89e5-b7cdec998ee9</AD_Column_UU>
        <IsAllowCopy>Y</IsAllowCopy>
        <SeqNoSelection>0</SeqNoSelection>
        <IsToolbarButton>N</IsToolbarButton>
        <IsSecure>N</IsSecure>
        <FKConstraintName/>
        <FKConstraintType>N</FKConstraintType>
        <PA_DashboardContent_ID reference="id"/>
        <Placeholder/>
        <IsHtml>N</IsHtml>
        <BXS_IsTSIndex>N</BXS_IsTSIndex>
    </AD_Column>
    <AD_Field type="table">
        <AD_Client_ID>0</AD_Client_ID>
        <AD_Org_ID>0</AD_Org_ID>
        <Name>Kanban Card Tooltip</Name>
        <Description>Message shown when the user hovers the pointer over a card</Description>
        <Help>It must be defined as the Kanban Card Content (HTML not supported)</Help>
        <AD_Tab_ID reference="uuid" reference-key="AD_Tab">57e0d9bb-397f-40ae-9c80-6f492331fd95</AD_Tab_ID>
        <AD_Column_ID reference="uuid" reference-key="AD_Column">02587c75-7f84-49b1-89e5-b7cdec998ee9</AD_Column_ID>
        <IsDisplayed>Y</IsDisplayed>
        <DisplayLogic/>
        <DisplayLength>0</DisplayLength>
        <SeqNo>95</SeqNo>
        <SortNo>0</SortNo>
        <IsSameLine>N</IsSameLine>
        <IsHeading>N</IsHeading>
        <IsFieldOnly>N</IsFieldOnly>
        <IsEncrypted>N</IsEncrypted>
        <IsActive>Y</IsActive>
        <IsReadOnly>N</IsReadOnly>
        <IsCentrallyMaintained>Y</IsCentrallyMaintained>
        <AD_FieldGroup_ID reference="id"/>
        <EntityType>KDB</EntityType>
        <ObscureType/>
        <AD_Reference_ID reference="id"/>
        <IsMandatory/>
        <DefaultValue/>
        <AD_Reference_Value_ID reference="id"/>
        <AD_Val_Rule_ID reference="id"/>
        <Included_Tab_ID reference="id"/>
        <AD_Field_UU>31058162-b5fc-4762-a340-1ea63e3b37d9</AD_Field_UU>
        <IsAllowCopy/>
        <IsDisplayedGrid>Y</IsDisplayedGrid>
        <SeqNoGrid>110</SeqNoGrid>
        <XPosition>1</XPosition>
        <ColumnSpan>5</ColumnSpan>
        <NumLines>2</NumLines>
        <IsQuickEntry>N</IsQuickEntry>
        <IsUpdateable/>
        <IsAlwaysUpdateable/>
        <MandatoryLogic/>
        <ReadOnlyLogic/>
        <IsToolbarButton/>
        <IsDefaultFocus>N</IsDefaultFocus>
        <IsAdvancedField>N</IsAdvancedField>
        <VFormat/>
        <AD_LabelStyle_ID reference="id"/>
        <AD_FieldStyle_ID reference="id"/>
        <Placeholder/>
        <AD_Field_Trl type="translation">
            <Help>It must be defined as the Kanban Card Content (HTML not supported)</Help>
            <Description>Message shown when the user hovers the pointer over a card</Description>
            <Name>Kanban Card Tooltip</Name>
            <Placeholder/>
            <AD_Language>de_DE</AD_Language>
            <IsActive>Y</IsActive>
            <IsTranslated>N</IsTranslated>
        </AD_Field_Trl>
    </AD_Field>
</idempiere>
